Dataset,Link to CT scan data,Link to humerus,Link to femur,Class,Higher Clade,Family,Species,Common Name,SP#,Body Mass (g),Body_mass_literature (g),Humerus Length,Humerus Circumference,Femur Length,Femur Circumference,Dentary Length (mm),Bi_Quad,tree_names
A. New data (Panciroli et al 2023),http://n2t.net/ark:/87602/m4/M141118,http://n2t.net/ark:/87602/m4/M141121,http://n2t.net/ark:/87602/m4/M141124,Mammalia,,Abrocomidae,Abrocoma cinerea,Ashy chinchilla rat,AMNH 120621,,250,26.48,9.385,33.69,9.886,37.78,Q,Abrocoma cinerea
A. New data (Panciroli et al 2023),,http://n2t.net/ark:/87602/m4/M158176,http://n2t.net/ark:/87602/m4/M158180,Mammalia,,Felidae,Acinonyx jubatus,Cheetah,AMNH 119657,,50000,241.31,58.82,263.89,64.15,119.67,Q,Acinonyx jubatus
A. New data (Panciroli et al 2023),http://n2t.net/ark:/87602/m4/M157290,http://n2t.net/ark:/87602/m4/M157293,http://n2t.net/ark:/87602/m4/M157296,Mammalia,,Muridae,Acomys cahirinus,Cairo spiny mouse,NHMUK 65.789-793,,66,13.05,3.59,17.15,5.71,14.33,Q,Acomys cahirinus
A. New data (Panciroli et al 2023),http://n2t.net/ark:/87602/m4/M52800,http://n2t.net/ark:/87602/m4/M52804,http://n2t.net/ark:/87602/m4/M52807,Mammalia,,Acrobatidae,Acrobates pygmaeus,Feathergill glider,NHMUK 82.7.29.23-24,,12,12.81,3.22,14.7,3.17,12.65,Q,Acrobates pygmaeus
A. New data (Panciroli et al 2023),,http://n2t.net/ark:/87602/m4/M141477,http://n2t.net/ark:/87602/m4/M141480,Mammalia,,Bovidae,Aepyceros melampus,Impala,FMNH 127890,,52500,165.39,61.84,204.8,63.55,200.55,Q,Aepyceros melampus
A. New data (Panciroli et al 2023),,http://n2t.net/ark:/87602/m4/M141486,http://n2t.net/ark:/87602/m4/M141490,Mammalia,,Atelidae,Alouatta seniculus,Venezuelan red howler,FMNH 18869,,6146,145.59,36.74,150.58,36.56,92.01,Q,Alouatta seniculus
A. New data (Panciroli et al 2023),http://n2t.net/ark:/87602/m4/M140653,http://n2t.net/ark:/87602/m4/M140657,http://n2t.net/ark:/87602/m4/M140660,Mammalia,,Chrysochloridae,Amblysomus hottentotus,Hottentot golden mole,UMZC 2010.15A,,53,13.35,8.024,15.43,6.11,16.23,Q,Amblysomus hottentotus
A. New data (Panciroli et al 2023),http://n2t.net/ark:/87602/m4/M52927,http://n2t.net/ark:/87602/m4/M52934,http://n2t.net/ark:/87602/m4/M52931,Mammalia,,Anomaluridae,Anomalurus beecrofti,Beecroft's flying squirrel,NHMUK 1989.174,,389,61.85,11.41,71.46,12.72,29.63,Q,Anomalurus beecrofti
A. New data (Panciroli et al 2023),http://n2t.net/ark:/87602/m4/M157300,http://n2t.net/ark:/87602/m4/M157303,http://n2t.net/ark:/87602/m4/M157306,Mammalia,,Soricidae,Anourosorex squamipes,Chinese mole shrew,NHMUK 1933.4.1.165,,20,10.59,3.76,11.23,3.46,12.61,Q,Anourosorex squamipes
A. New data (Panciroli et al 2023),http://n2t.net/ark:/87602/m4/M82407,http://n2t.net/ark:/87602/m4/M82410,http://n2t.net/ark:/87602/m4/M82413,Mammalia,,Dasyuridae,Antechinomys laniger,Kultarr,NHMUK 32.2.11.23,,27,14.17,3.32,18.97,4.67,19.78,Q,Antechinomys laniger
A. New data (Panciroli et al 2023),http://n2t.net/ark:/87602/m4/M82261,http://n2t.net/ark:/87602/m4/M82265,http://n2t.net/ark:/87602/m4/M82268,Mammalia,,Dasyuridae,Antechinus stuartii,Brown antechinus,FMNH 12956,,28,15.32,4.57,20.43,5.14,20.65,Q,Antechinus stuartii
A. New data (Panciroli et al 2023),,http://n2t.net/ark:/87602/m4/M158043,http://n2t.net/ark:/87602/m4/M158046,Mammalia,,Bovidae,Antilope cervicapra,Blackbuck,NMS 2000.301.2,,37500,150.48,63.48,188.6,57.31,182.42,Q,Antilope cervicapra
A. New data (Panciroli et al 2023),http://n2t.net/ark:/87602/m4/M157310,http://n2t.net/ark:/87602/m4/M157313,http://n2t.net/ark:/87602/m4/M157316,Mammalia,,Muridae,Apodemus sylvaticus,Wood mouse ,NHMUK unnumbered,,22,13.67,3.88,19.2,5.02,13.08,Q,Apodemus sylvaticus
A. New data (Panciroli et al 2023),,http://n2t.net/ark:/87602/m4/M158052,http://n2t.net/ark:/87602/m4/M158056,Mammalia,,Viverridae,Arctictis binturong,Binturong,NMS 2015.164.1,,13000,155.24,46.54,150.03,48.23,111.61,Q,Arctictis binturong
A. New data (Panciroli et al 2023),http://n2t.net/ark:/87602/m4/M141278,http://n2t.net/ark:/87602/m4/M141282,http://n2t.net/ark:/87602/m4/M141286,Mammalia,,Canidae,Atelocynus microtis,Short-eared dog,FMNH 60674,,7750,119.18,29.74,138.75,30.05,116.29,Q,Atelocynus microtis
A. New data (Panciroli et al 2023),http://n2t.net/ark:/87602/m4/M140664,http://n2t.net/ark:/87602/m4/M140670,http://n2t.net/ark:/87602/m4/M140675,Mammalia,,Hystricidae,Atherurus africanus,Africa brush-tailed porcupine,UMZC E3489,,1934,72.75,21.93,82.55,28.79,65.18,Q,Atherurus africanus
A. New data (Panciroli et al 2023),http://n2t.net/ark:/87602/m4/M157359,http://n2t.net/ark:/87602/m4/M157367,http://n2t.net/ark:/87602/m4/M157379,Mammalia,,Muridae,Bandicota indica,Greater bandicoot rat,NHMUK 1978.896,,720,39.09,12.41,52.83,17.95,40.07,Q,Bandicota indica
A. New data (Panciroli et al 2023),http://n2t.net/ark:/87602/m4/M141290,http://n2t.net/ark:/87602/m4/M141294,http://n2t.net/ark:/87602/m4/M141298,Mammalia,,Procyonidae,Bassaricyon alleni,Eastern lowland olingo,FMNH 104935,,1235,69.72,14.93,78.69,16.14,52.73,Q,Bassaricyon alleni
A. New data (Panciroli et al 2023),,http://n2t.net/ark:/87602/m4/M141505,http://n2t.net/ark:/87602/m4/M141509,Mammalia,,Bradypodidae,Bradypus variegatus,Brown-throated sloth,FMNH 69589,,4335,159.56,31.4,95.32,28.63,46.34,Q,Bradypus variegatus
A. New data (Panciroli et al 2023),,http://n2t.net/ark:/87602/m4/M160155,http://n2t.net/ark:/87602/m4/M160158,Mammalia,,Dasypodidae,Cabassous tatouay,Greater naked-tailed armadillo,NHMUK 1948.7.28.2,,5350,64.17,30.41,69.83,27.32,68.59,Q,Cabassous tatouay
A. New data (Panciroli et al 2023),http://n2t.net/ark:/87602/m4/M82350,http://n2t.net/ark:/87602/m4/M82353,http://n2t.net/ark:/87602/m4/M82356,Mammalia,,Didelphidae,Caluromys derbianus,Derby's wooly opossum,UMMZ 114856,,297,49.46,10.66,55.07,12.57,42.77,Q,Caluromys derbianus
A. New data (Panciroli et al 2023),http://n2t.net/ark:/87602/m4/M82280,http://n2t.net/ark:/87602/m4/M82284,http://n2t.net/ark:/87602/m4/M82287,Mammalia,,Didelphidae,Caluromysiops irrupta,Black-shouldered opssum,FMNH 60698,,250,39.17,13.8,48.29,13.55,46.98,Q,Caluromysiops irrupta
A. New data (Panciroli et al 2023),,http://n2t.net/ark:/87602/m4/M158186,http://n2t.net/ark:/87602/m4/M158190,Mammalia,,Canidae,Canis simensis,Ethiopian wolf,AMNH 81001,,10000,185.13,44.08,192.36,42.82,155.59,Q,Canis simensis
A. New data (Panciroli et al 2023),,http://n2t.net/ark:/87602/m4/M141514,http://n2t.net/ark:/87602/m4/M141518,Mammalia,,Bovidae,Capra sibirica,Siberian Ibex,FMNH 134541,,130000,189.88,66.45,215.12,67.68,210.21,Q,Capra sibirica
A. New data (Panciroli et al 2023),,http://n2t.net/ark:/87602/m4/M158196,http://n2t.net/ark:/87602/m4/M158200,Mammalia,,Felidae,Caracal caracal,Caracal,AMNH 113794,,13750,128.84,30.56,154.52,30.97,74.57,Q,Caracal caracal
A. New data (Panciroli et al 2023),,http://n2t.net/ark:/87602/m4/M158206,http://n2t.net/ark:/87602/m4/M158210,Mammalia,,Castoridae,Castor canadensis,North American beaver,AMNH 150136,,21820,84.51,39.15,109.18,63.91,104.58,Q,Castor canadensis
A. New data (Panciroli et al 2023),,http://n2t.net/ark:/87602/m4/M141524,http://n2t.net/ark:/87602/m4/M141528,Mammalia,,Cebidae,Cebus apella,Tufted capuchin,FMNH 70621,,2500,103.95,25.05,125.12,26.25,66.08,Q,Sapajus apella
A. New data (Panciroli et al 2023),http://n2t.net/ark:/87602/m4/M82415,http://n2t.net/ark:/87602/m4/M82418,http://n2t.net/ark:/87602/m4/M82421,Mammalia,,Burramyidae,Cercartetus concinnus,Western pygmy possum,NHMUK 97.11.18.1,,13,10.77,3.44,14.76,3.51,12.06,Q,Cercartetus concinnus
A. New data (Panciroli et al 2023),http://n2t.net/ark:/87602/m4/M68222,http://n2t.net/ark:/87602/m4/M68225,http://n2t.net/ark:/87602/m4/M68228,Mammalia,,Didelphidae,Chironectes minimus,Water opossom,UMMZ 126289,,946,45.56,9.99,53.87,13.63,56.58,Q,Chironectes minimus
A. New data (Panciroli et al 2023),,http://n2t.net/ark:/87602/m4/M141534,http://n2t.net/ark:/87602/m4/M141538,Mammalia,,Pitheciidae,Chiropotes satanas,Black-bearded saki,FMNH 95512,,3000,122.19,22.87,138.35,23.71,58.67,Q,Chiropotes satanas
A. New data (Panciroli et al 2023),,http://n2t.net/ark:/87602/m4/M157616,http://n2t.net/ark:/87602/m4/M157620,Mammalia,,Megalonychidae,Choloepus hoffmanni,Hoffman's toe-toed sloth,NHMUK 1973.824,,6000,158.25,36.35,147.96,37.3,85.1,Q,Choloepus hoffmanni
A. New data (Panciroli et al 2023),http://n2t.net/ark:/87602/m4/M140726,http://n2t.net/ark:/87602/m4/M140729,http://n2t.net/ark:/87602/m4/M140733,Mammalia,,Chrysochloridae,Chrysochloris asiatica,Cape golden mole,UMZC E5472F,,49,12.32,7.99,13.54,5.98,15.62,Q,Chrysochloris asiatica
A. New data (Panciroli et al 2023),,http://n2t.net/ark:/87602/m4/M157626,http://n2t.net/ark:/87602/m4/M157630,Mammalia,,Cercopithecidae,Colobus satanas,Black colobus,NHMUK 1856.12.29,,4320,169.18,35.2,227.17,38.38,78.25,Q,Colobus satanas
A. New data (Panciroli et al 2023),http://n2t.net/ark:/87602/m4/M159816,http://n2t.net/ark:/87602/m4/M159818,http://n2t.net/ark:/87602/m4/M159819,Mammalia,,Talpidae,Condylura cristata,Star-nosed mole,UMMZ 80270,,84,12.31,8.6,14.3,7.67,18.71,Q,Condylura cristata
A. New data (Panciroli et al 2023),,http://n2t.net/ark:/87602/m4/M157636,http://n2t.net/ark:/87602/m4/M157640,Mammalia,,Eupleridae,Cryptoprocta ferox,Fossa,NHMUK 1968.6.7.1,,9500,108.19,30.05,129.86,29.27,81.71,Q,Cryptoprocta ferox
A. New data (Panciroli et al 2023),http://n2t.net/ark:/87602/m4/M141347,http://n2t.net/ark:/87602/m4/M141351,http://n2t.net/ark:/87602/m4/M141354,Mammalia,,Cuniculidae,Cuniculus taczanowskii,Mountain paca,FMNH 70804,,9000,78.1,22.31,93.96,29.09,77.23,Q,Cuniculus taczanowskii
A. New data (Panciroli et al 2023),http://n2t.net/ark:/87602/m4/M140748,http://n2t.net/ark:/87602/m4/M140751,http://n2t.net/ark:/87602/m4/M140754,Mammalia,,Cyclopedidae,Cyclopes didactylus,Silky anteater,UMZC E621,,330,26.56,11.65,33.74,11.21,30.97,Q,Cyclopes didactylus
A. New data (Panciroli et al 2023),http://n2t.net/ark:/87602/m4/M158293,http://n2t.net/ark:/87602/m4/M158297,http://n2t.net/ark:/87602/m4/M158301,Mammalia,,Cynocephalidae,Cynocephalus_volans,Philippine colugo ,OUMNH_3404,,1250,97.16,18.5,109.71,17.28,51.86,Q,Cynocephalus volans
A. New data (Panciroli et al 2023),http://n2t.net/ark:/87602/m4/M68263,http://n2t.net/ark:/87602/m4/M68266,http://n2t.net/ark:/87602/m4/M68269,Mammalia,,Petauridae,Dactylopsila trivirgata,Striped possum,NHMUK 1897.8.7.79,,404,37.69,13.32,53.28,13.57,37.1,Q,Dactylopsila trivirgata
A. New data (Panciroli et al 2023),,http://n2t.net/ark:/87602/m4/M158286,http://n2t.net/ark:/87602/m4/M158289,Mammalia,,Cervidae,Dama dama,Fallow deer,OUMNH 19343,,56250,169.47,60.67,207.59,66.63,198,Q,Dama dama
A. New data (Panciroli et al 2023),http://n2t.net/ark:/87602/m4/M82423,http://n2t.net/ark:/87602/m4/M82426,http://n2t.net/ark:/87602/m4/M82429,Mammalia,,Dasyuridae,Dasycercus cristicauda,Crest-tailed mulgara,NHMUK 1897.11.3.4,,100,19.89,5.22,24.44,6.05,26.33,Q,Dasycercus cristicauda
A. New data (Panciroli et al 2023),http://n2t.net/ark:/87602/m4/M141358,http://n2t.net/ark:/87602/m4/M141362,http://n2t.net/ark:/87602/m4/M141365,Mammalia,,Dasyproctidae,Dasyprocta punctata,Central American agouti,FMNH 60569,,2675,80.98,21.31,101.57,30,64.63,Q,Dasyprocta punctata
A. New data (Panciroli et al 2023),,http://n2t.net/ark:/87602/m4/M158216,http://n2t.net/ark:/87602/m4/M158220,Mammalia,,Dasypodidae,Dasypus hybridus,Southern long-nosed armadillo,AMNH 205706,,1500,46.45,20.31,64.03,25.6,53.25,Q,Dasypus hybridus
A. New data (Panciroli et al 2023),http://n2t.net/ark:/87602/m4/M82289,http://n2t.net/ark:/87602/m4/M82293,http://n2t.net/ark:/87602/m4/M82296,Mammalia,,Dasyuridae,Dasyurus hallucatus,Tree hyrax,FMNH 119804,,525,38.72,10.1,49.57,11.75,46.29,Q,Dasyurus hallucatus
A. New data (Panciroli et al 2023),http://n2t.net/ark:/87602/m4/M82431,http://n2t.net/ark:/87602/m4/M82434,http://n2t.net/ark:/87602/m4/M82437,Mammalia,,Dasyuridae,Dasyurus maculatus,Tiger quoll,UMZC A6.10/3,,5500,67.18,18.81,77.51,19.04,70.62,Q,Dasyurus maculatus
A. New data (Panciroli et al 2023),,http://n2t.net/ark:/87602/m4/M141544,http://n2t.net/ark:/87602/m4/M141547,Mammalia,,Procaviidae,Dendrohyrax arboreus,Southern tree hyrax,FMNH 163770,,2950,74.76,19.51,72.93,22.85,64.61,Q,Dendrohyrax arboreus
A. New data (Panciroli et al 2023),,http://n2t.net/ark:/87602/m4/M158062,http://n2t.net/ark:/87602/m4/M158066,Mammalia,,Macropodidae,Dendrolagus dorianus,Doria's tree-kangaroo,NMS 2006.38,,9581,126.06,44.88,153.54,49.92,94.62,Q,Dendrolagus dorianus
A. New data (Panciroli et al 2023),http://n2t.net/ark:/87602/m4/M159827,http://n2t.net/ark:/87602/m4/M159833,http://n2t.net/ark:/87602/m4/M159834,Mammalia,,Talpidae,Desmana moschata,Russian desman,UMMZ 124125,,383,24.62,13.43,25.49,13.44,39.79,Q,Desmana moschata
A. New data (Panciroli et al 2023),,http://n2t.net/ark:/87602/m4/M86079,http://n2t.net/ark:/87602/m4/M86083,Mammalia,,Didelphidae,Didelphis marsupialis,Common opossum,NHMUK 1948.7.12.5,,1091,62.07,15.8,73.58,17.21,78.71,Q,Didelphis marsupialis
A. New data (Panciroli et al 2023),http://n2t.net/ark:/87602/m4/M141369,http://n2t.net/ark:/87602/m4/M141372,http://n2t.net/ark:/87602/m4/M141376,Mammalia,,Soricidae,Diplomesodon pulchellum,Piebald shrew,FMNH 137436,,11,8.81,2.68,10.22,2.69,10.28,Q,Diplomesodon pulchellum
A. New data (Panciroli et al 2023),,http://n2t.net/ark:/87602/m4/M141496,http://n2t.net/ark:/87602/m4/M141499,Mammalia,,Caviidae,Dolichotis patagonum,Patagonian mara,FMNH 49231,,8000,110.24,25.69,125.29,33.57,90.98,Q,Dolichotis patagonum
A. New data (Panciroli et al 2023),http://n2t.net/ark:/87602/m4/M68206,http://n2t.net/ark:/87602/m4/M68209,http://n2t.net/ark:/87602/m4/M68212,Mammalia,,Microbiotheriidae,Dromiciops gliroides,Monito del monte,UMMZ 156354,,22,14.34,4.27,18.71,4.56,18.85,Q,Dromiciops gliroides
A. New data (Panciroli et al 2023),http://n2t.net/ark:/87602/m4/M82298,http://n2t.net/ark:/87602/m4/M82302,http://n2t.net/ark:/87602/m4/M82305,Mammalia,,Peramelidae,Echymipera rufescens,Long-nosed echymipera,FMNH 60525,,1100,46.73,15.82,58.7,17.6,50.22,Q,Echymipera rufescens
A. New data (Panciroli et al 2023),http://n2t.net/ark:/87602/m4/M157351,http://n2t.net/ark:/87602/m4/M157355,http://n2t.net/ark:/87602/m4/M157358,Mammalia,,Macroscelididae,Elephantulus brachyrhynchus,Short-snouted elephant shrew,NHMUK 1963.1004,,47,17.06,4.51,23.78,6.13,22.89,Q,Elephantulus brachyrhynchus
A. New data (Panciroli et al 2023),http://n2t.net/ark:/87602/m4/M157363,http://n2t.net/ark:/87602/m4/M157371,http://n2t.net/ark:/87602/m4/M157374,Mammalia,,Macroscelididae,Elephantulus rozeti,North African elephant shrew,NHMUK 1891.10.15.11,,48,17.88,4.93,23.42,6.29,23.91,Q,Elephantulus rozeti
A. New data (Panciroli et al 2023),,http://n2t.net/ark:/87602/m4/M157646,http://n2t.net/ark:/87602/m4/M157650,Mammalia,,Mustelidae,Enhydra lutris,Sea otter,NHMUK 80.879,,23500,105.77,44.9,105.9,49.91,83.03,Q,Enhydra lutris
A. New data (Panciroli et al 2023),http://n2t.net/ark:/87602/m4/M141380,http://n2t.net/ark:/87602/m4/M141384,http://n2t.net/ark:/87602/m4/M141387,Mammalia,,Soricidae,Episoriculus caudatus,Hodgson's brown-toothed shrew,FMNH 114227,,6,6.91,2.11,7.49,2.39,8.31,Q,Episoriculus caudatus
A. New data (Panciroli et al 2023),http://n2t.net/ark:/87602/m4/M157378,http://n2t.net/ark:/87602/m4/M157386,http://n2t.net/ark:/87602/m4/M157389,Mammalia,,Talpidae,Euroscaptor micrura,Himalayan mole,NHMUK 99.10.25.1,,60,12.95,11.05,12.77,4.39,17.32,Q,Euroscaptor micrura
A. New data (Panciroli et al 2023),http://n2t.net/ark:/87602/m4/M158325,http://n2t.net/ark:/87602/m4/M158330,http://n2t.net/ark:/87602/m4/M158334,Mammalia,,Talpidae,Galemys pyrenaicus,Pyrenean desman,OUMNH 9427,,60,13.04,6.05,13.71,5.92,21.62,Q,Galemys pyrenaicus
A. New data (Panciroli et al 2023),,http://n2t.net/ark:/87602/m4/M158072,http://n2t.net/ark:/87602/m4/M158075,Mammalia,,Bovidae,Gazella dorcas,dorcas gazelle,NMS 2004.46.5,,23000,112.25,36.47,144.9,38.73,130.32,Q,Gazella dorcas
A. New data (Panciroli et al 2023),,http://n2t.net/ark:/87602/m4/M158226,http://n2t.net/ark:/87602/m4/M158230,Mammalia,,Capromyidae,Geocapromys brownii,Jamaican coney,AMNH45156,,1500,54.47,18.24,76.63,22.48,51.92,Q,Geocapromys brownii
A. New data (Panciroli et al 2023),http://n2t.net/ark:/87602/m4/M141138,http://n2t.net/ark:/87602/m4/M141141,http://n2t.net/ark:/87602/m4/M141144,Mammalia,,Tenrecidae,Geogale aurita,Large-eared tenrec,UMZC 172217,,7,9.79,2.69,9.74,3.04,12.89,Q,Geogale aurita
A. New data (Panciroli et al 2023),http://n2t.net/ark:/87602/m4/M141148,http://n2t.net/ark:/87602/m4/M141151,http://n2t.net/ark:/87602/m4/M141154,Mammalia,,Geomydae,Geomys pinetis,Southeastern pocket gopher,UMMZ 164642,,85,30.81,10.87,38.06,10.84,39.43,Q,Geomys pinetis
A. New data (Panciroli et al 2023),http://n2t.net/ark:/87602/m4/M56055,http://n2t.net/ark:/87602/m4/M56062,http://n2t.net/ark:/87602/m4/M56059,Mammalia,,Muridae,Gerbillus gerbillus,Lesser Gerbil,NHMUK 1978.1062,,25,17.57,2.74,11.4,3.61,13.98,Q,Gerbillus gerbillus
A. New data (Panciroli et al 2023),http://n2t.net/ark:/87602/m4/M157393,http://n2t.net/ark:/87602/m4/M157396,http://n2t.net/ark:/87602/m4/M157399,Mammalia,,Gliridae,Glis glis,Edible dormouse,NHMUK 1996.325,,125,19.93,7.15,26.18,7.62,19.95,Q,Glis glis
A. New data (Panciroli et al 2023),http://n2t.net/ark:/87602/m4/M82358,http://n2t.net/ark:/87602/m4/M82361,http://n2t.net/ark:/87602/m4/M82364,Mammalia,,Didelphidae,Gracilinanus agilis,Agile gracile opossum,UMMZ 134557,,22,15,4.89,17.98,4.72,20.36,Q,Gracilinanus agilis
A. New data (Panciroli et al 2023),http://n2t.net/ark:/87602/m4/M68188,http://n2t.net/ark:/87602/m4/M68192,http://n2t.net/ark:/87602/m4/M68196,Mammalia,,Pseudocheiridae,Hemibelideus lemuroides,Lemur-like ring-tail possum,FMNH 60926,,953,50.34,12.49,64.32,14.86,35.25,Q,Hemibelideus lemuroides
A. New data (Panciroli et al 2023),http://n2t.net/ark:/87602/m4/M159841,http://n2t.net/ark:/87602/m4/M159848,http://n2t.net/ark:/87602/m4/M159849,Mammalia,,Erinaceidae,Hemiechinus auritus,Long-eared hedgehog,UMMZ 156626,,342,31.68,10.24,29.31,9.52,31.5,Q,Hemiechinus auritus
A. New data (Panciroli et al 2023),,http://n2t.net/ark:/87602/m4/M158236,http://n2t.net/ark:/87602/m4/M158240,Mammalia,,Caviidae,Hydrochoerus hydrochaeris,Capybara,AMNH206440,,62450,171.93,57.01,207.21,71.84,73.68,Q,Hydrochoerus hydrochaeris
A. New data (Panciroli et al 2023),,http://n2t.net/ark:/87602/m4/M158081,http://n2t.net/ark:/87602/m4/M158084,Mammalia,,Cervidae,Hydropotes inermis,Water deer,NMS unnumbered,,14000,114.23,35.46,150.05,41.93,123.08,Q,Hydropotes inermis
A. New data (Panciroli et al 2023),http://n2t.net/ark:/87602/m4/M159946,http://n2t.net/ark:/87602/m4/M159948,http://n2t.net/ark:/87602/m4/M159949,Mammalia,,Nesomyidae,Hypogeomys antimena,Malagasy giant rat,FMNH 151994,,1250,45.16,12.12,63.36,21.09,40.12,Q,Hypogeomys antimena
A. New data (Panciroli et al 2023),,http://n2t.net/ark:/87602/m4/M157734,http://n2t.net/ark:/87602/m4/M157738,Mammalia,,Hystricidae,Hystrix africaeaustralis,South African porcupine,FMNH 60453,,14936,105.14,35.3,115.1,37.95,104.59,Q,Hystrix africaeaustralis
A. New data (Panciroli et al 2023),,http://n2t.net/ark:/87602/m4/M140813,http://n2t.net/ark:/87602/m4/M140816,Mammalia,,Mustelidae,Ictonyx striatus,Striped polecate,UMZC K1874,,1300,42.5,11.78,45.63,12.05,40.1,Q,Ictonyx striatus
A. New data (Panciroli et al 2023),http://n2t.net/ark:/87602/m4/M68198,http://n2t.net/ark:/87602/m4/M68201,http://n2t.net/ark:/87602/m4/M68204,Mammalia,,Peramelidae,Isoodon macrourus,Northern brown bandicoot,FMNH 120560,,1600,38.38,12.58,55.26,14.65,48.99,Q,Isoodon macrourus
A. New data (Panciroli et al 2023),http://n2t.net/ark:/87602/m4/M82439,http://n2t.net/ark:/87602/m4/M82443,http://n2t.net/ark:/87602/m4/M82446,Mammalia,,Peramelidae,Isoodon obesulus,Southern brown bandicoot,UMZC A7.4/5,,775,38.04,12.31,55.83,15.98,47.69,Q,Isoodon obesulus
A. New data (Panciroli et al 2023),,http://n2t.net/ark:/87602/m4/M157656,http://n2t.net/ark:/87602/m4/M157659,Mammalia,,Chinchillidae,Lagostomus maximus,Plains viscacha,NHMUK 1991.174,,4648,66.52,26.47,104.33,30.46,86.62,Q,Lagostomus maximus
A. New data (Panciroli et al 2023),,http://n2t.net/ark:/87602/m4/M158090,http://n2t.net/ark:/87602/m4/M158093,Mammalia,,Vombatidae,Lasiorhinus latifrons,Southern hairy-nosed wombat,NMS 1868.31,,25500,103.2,47.37,135.21,42.84,115.29,Q,Lasiorhinus latifrons
A. New data (Panciroli et al 2023),,http://n2t.net/ark:/87602/m4/M157744,http://n2t.net/ark:/87602/m4/M157748,Mammalia,,Lemuridae,Lemur catta,Rin-tailed lemur,FMNH 157993,,2900,81.19,20.77,128.77,26.03,56.23,Q,Lemur catta
A. New data (Panciroli et al 2023),,http://n2t.net/ark:/87602/m4/M158099,http://n2t.net/ark:/87602/m4/M158103,Mammalia,,Felidae,Leopardus wiedii,Margay,NMS 2016.12.1,,3250,104.69,25.14,116.02,26.89,57.49,Q,Leopardus wiedii
A. New data (Panciroli et al 2023),http://n2t.net/ark:/87602/m4/M82366,http://n2t.net/ark:/87602/m4/M82369,http://n2t.net/ark:/87602/m4/M82373,Mammalia,,Caenolestidae,Lestoros inca,Incan shrew opossum,UMMZ 160733,,21,13.74,4.14,15.77,4.07,17.28,Q,Lestoros inca
A. New data (Panciroli et al 2023),http://n2t.net/ark:/87602/m4/M157780,http://n2t.net/ark:/87602/m4/M157783,http://n2t.net/ark:/87602/m4/M157786,Mammalia,,Tenrecidae,Limnogale mergulus,Web-footed tenrec,FMNH 165440,,80,16.5,5.29,16.73,5.91,21.96,Q,Limnogale mergulus
A. New data (Panciroli et al 2023),http://n2t.net/ark:/87602/m4/M141158,http://n2t.net/ark:/87602/m4/M141161,http://n2t.net/ark:/87602/m4/M141164,Mammalia,,Heteromyidae,Liomys irroratus,Mexican piny pocket mouse,UMMZ 120788,,50,14.21,4,20.66,5.71,14.62,Q,Liomys irroratus
A. New data (Panciroli et al 2023),http://n2t.net/ark:/87602/m4/M82375,http://n2t.net/ark:/87602/m4/M82378,http://n2t.net/ark:/87602/m4/M82381,Mammalia,,Didelphidae,Lutreolina crassicaudata,Lutrine opossum,UMMZ 163450,,537,35.53,10.05,42.38,11.12,47.25,Q,Lutreolina crassicaudata
A. New data (Panciroli et al 2023),,http://n2t.net/ark:/87602/m4/M157665,http://n2t.net/ark:/87602/m4/M157669,Mammalia,,Cercopithecidae,Macaca sylvanus,Barbary macaque,NHMUK 1858.4.5.1,,7000,160,42.42,201.04,44.91,100.08,Q,Macaca sylvanus
A. New data (Panciroli et al 2023),http://n2t.net/ark:/87602/m4/M157790,http://n2t.net/ark:/87602/m4/M157794,http://n2t.net/ark:/87602/m4/M157797,Mammalia,,Macroscelididae,Macroscelides proboscideus,Round-eared elephant shrew,FMNH 137045,,38,17.65,4.87,23.61,6.48,22.35,Q,Macroscelides proboscideus
A. New data (Panciroli et al 2023),,http://n2t.net/ark:/87602/m4/M86113,http://n2t.net/ark:/87602/m4/M86116,Mammalia,,Peramelidae,Macrotis lagotis,Greater bilby,NHMUK 73.6.21.4,,1350,50.45,17.67,73.38,20,73.21,Q,Macrotis lagotis
A. New data (Panciroli et al 2023),,http://n2t.net/ark:/87602/m4/M158119,http://n2t.net/ark:/87602/m4/M158123,Mammalia,,Bovidae,Madoqua kirkii,Kirk's dik dik,NMS POZ8.99,,5300,82.22,25.31,105.13,31.51,86.03,Q,Madoqua kirkii
A. New data (Panciroli et al 2023),http://n2t.net/ark:/87602/m4/M140840,http://n2t.net/ark:/87602/m4/M140843,http://n2t.net/ark:/87602/m4/M140846,Mammalia,,Muridae,Malacomys longipes,Big-eared swamp rat,UMZC E2265,,96,17.79,4.09,21.79,5.47,19.74,Q,Malacomys longipes
A. New data (Panciroli et al 2023),http://n2t.net/ark:/87602/m4/M141168,http://n2t.net/ark:/87602/m4/M141173,http://n2t.net/ark:/87602/m4/M141176,Mammalia,,Nesomyidae,Malacothrix typica,Gerbil mouse,UMMZ 117815,,13,12.78,3.76,14.05,4.5,14.53,Q,Malacothrix typica
A. New data (Panciroli et al 2023),,http://n2t.net/ark:/87602/m4/M158246,http://n2t.net/ark:/87602/m4/M158250,Mammalia,,Manidae,Manis gigantea,Giant pangolin,AMNH 53851,,33000,113.6,60.68,136.66,57.98,108.54,Q,Smutsia gigantea
A. New data (Panciroli et al 2023),http://n2t.net/ark:/87602/m4/M160171,http://n2t.net/ark:/87602/m4/M166714,http://n2t.net/ark:/87602/m4/M166713,Mammalia,,Manidae,Manis tricuspis,Tree pangolin,NHMUK 34.6.2.94,,2067,53.83,25.38,57.01,24.39,46.61,Q,Phataginus tricuspis
A. New data (Panciroli et al 2023),http://n2t.net/ark:/87602/m4/M68271,http://n2t.net/ark:/87602/m4/M68274,http://n2t.net/ark:/87602/m4/M68277,Mammalia,,Didelphidae,Marmosa murina,Linnaeus's Mouse Opossum,NHMUK 1881.11.1,,26,16.13,4.36,19.71,4.53,23.15,Q,Marmosa murina
A. New data (Panciroli et al 2023),,http://n2t.net/ark:/87602/m4/M158256,http://n2t.net/ark:/87602/m4/M158260,Mammalia,,Sciuridae,Marmota monax,Groundhog,AMNH64882,,3802,67.92,24.96,79.55,24.03,60.83,Q,Marmota monax
A. New data (Panciroli et al 2023),http://n2t.net/ark:/87602/m4/M157914,http://n2t.net/ark:/87602/m4/M157918,http://n2t.net/ark:/87602/m4/M157922,Mammalia,,Mephitidae,Mephitis mephitis,Striped skunk,FMNH 129327,,2085,61.84,19.68,71.1,21.59,49.87,Q,Mephitis mephitis
A. New data (Panciroli et al 2023),http://n2t.net/ark:/87602/m4/M82383,http://n2t.net/ark:/87602/m4/M82386,http://n2t.net/ark:/87602/m4/M82389,Mammalia,,Didelphidae,Micoureus demerarae,Woolly mouse opossum,UMMZ 134562,,76,30.73,10.01,34.63,8.1,36.27,Q,Marmosa demerarae
A. New data (Panciroli et al 2023),http://n2t.net/ark:/87602/m4/M141180,http://n2t.net/ark:/87602/m4/M141183,http://n2t.net/ark:/87602/m4/M141186,Mammalia,,Tenrecidae,Microgale brevicaudata,Short-tailed shrew tenrec,UMMZ 174757,,11,10.07,2.39,10.09,2.87,13.25,Q,Microgale brevicaudata
A. New data (Panciroli et al 2023),http://n2t.net/ark:/87602/m4/M141190,http://n2t.net/ark:/87602/m4/M141193,http://n2t.net/ark:/87602/m4/M141196,Mammalia,,Tenrecidae,Microgale drouhardi,Drouhard's shrew tenrec,UMMZ 168477,,11,11.09,3.126,12.02,3.73,15.48,Q,Microgale drouhardi
A. New data (Panciroli et al 2023),http://n2t.net/ark:/87602/m4/M141200,http://n2t.net/ark:/87602/m4/M141203,http://n2t.net/ark:/87602/m4/M141206,Mammalia,,Tenrecidae,Microgale thomasi,Thomas's shrew tenrec,UMMZ 172202,,23,12.92,4.02,15.04,4.6,17.7,Q,Microgale thomasi
A. New data (Panciroli et al 2023),http://n2t.net/ark:/87602/m4/M68214,http://n2t.net/ark:/87602/m4/M68217,http://n2t.net/ark:/87602/m4/M68220,Mammalia,,Didelphidae,Monodelphis domestica,Grey short-tailed opossum,UMMZ 165514,,71,24.6,7.59,28.74,6.97,33.64,Q,Monodelphis domestica
A. New data (Panciroli et al 2023),,http://n2t.net/ark:/87602/m4/M158157,http://n2t.net/ark:/87602/m4/M158160,Mammalia,,Cervidae,Muntiacus reevesi,Reeve's muntjac,NMS 1996.142.8,,13500,114.97,35.67,145.78,39.64,122.18,Q,Muntiacus reevesi
A. New data (Panciroli et al 2023),http://n2t.net/ark:/87602/m4/M157926,http://n2t.net/ark:/87602/m4/M157930,http://n2t.net/ark:/87602/m4/M157933,Mammalia,,Mustelidae,Mustela nivalis,Least weasel,FMNH 207033,,77,20.15,4.66,20.19,4.32,17.02,Q,Mustela nivalis
A. New data (Panciroli et al 2023),http://n2t.net/ark:/87602/m4/M160117,http://n2t.net/ark:/87602/m4/M160120,http://n2t.net/ark:/87602/m4/M160121,Mammalia,,Mustelidae,Mustela putorius,European polecat,UMZC K2361,,915,47.48,12.36,51.09,12.97,41.43,Q,Mustela putorius
A. New data (Panciroli et al 2023),,http://n2t.net/ark:/87602/m4/M158266,http://n2t.net/ark:/87602/m4/M158270,Mammalia,,Myocastoridae,Myocastor coypus,Coypu,AMNH206456,,6937,69.07,23.46,92.37,31.85,83.48,Q,Myocastor coypus
A. New data (Panciroli et al 2023),http://n2t.net/ark:/87602/m4/M157935,http://n2t.net/ark:/87602/m4/M157938,http://n2t.net/ark:/87602/m4/M157941,Mammalia,,Soricidae,Myosorex kihaulei,Kihaule's mouse shrew,FMNH ????????,,10,9.01,3.111,9.76,3.079,10.42,Q,Myosorex kihaulei
A. New data (Panciroli et al 2023),http://n2t.net/ark:/87602/m4/M68247,http://n2t.net/ark:/87602/m4/M68250,http://n2t.net/ark:/87602/m4/M68253,Mammalia,,Myrmecobiidae,Myrmecobius fasciatus,Numbat,UMZC A6.41/8,,472,30.84,13.33,44.62,11.59,45.29,Q,Myrmecobius fasciatus
A. New data (Panciroli et al 2023),,http://n2t.net/ark:/87602/m4/M157704,http://n2t.net/ark:/87602/m4/M157708,Mammalia,,Myrmecophagidae,Myrmecophaga tridactyla,Giant anteater,NHMUK 2003.335,,22333,173.42,95.23,216.81,83.75,301.39,Q,Myrmecophaga tridactyla
A. New data (Panciroli et al 2023),http://n2t.net/ark:/87602/m4/M140985,http://n2t.net/ark:/87602/m4/M140988,http://n2t.net/ark:/87602/m4/M140991,Mammalia,,Nandiniidae,Nandinia binotata,African palm civet,UMZC K4492,,2000,85.19,22.34,98.42,23.54,69.47,Q,Nandinia binotata
A. New data (Panciroli et al 2023),http://n2t.net/ark:/87602/m4/M56072,http://n2t.net/ark:/87602/m4/M56079,http://n2t.net/ark:/87602/m4/M56076,Mammalia,,Dipodidae,Napaeozapus insignis,Woodland jumping mouse,UMMZ 126314,,22,12.78,3,18.42,4.22,12.6,Q,Napaeozapus insignis
A. New data (Panciroli et al 2023),,http://n2t.net/ark:/87602/m4/M159163,http://n2t.net/ark:/87602/m4/M159166,Mammalia,,Soricidae,Neomys fodiens,Eurasian water shrew,NHMUK 1973.917,,14,8.42,2.73,9.75,2.91,9.65,Q,Neomys fodiens
A. New data (Panciroli et al 2023),http://n2t.net/ark:/87602/m4/M68255,http://n2t.net/ark:/87602/m4/M68258,http://n2t.net/ark:/87602/m4/M68261,Mammalia,,Notoryctidae,Notoryctes typhlops,Southern marsupial mole,UMZC A5.1/1,,55,14,6.48,14.58,6.28,17.24,Q,Notoryctes typhlops
A. New data (Panciroli et al 2023),http://n2t.net/ark:/87602/m4/M140995,http://n2t.net/ark:/87602/m4/M140999,http://n2t.net/ark:/87602/m4/M141002,Mammalia,,Lorisidae,Nycticebus coucang,Sunda slow loris,UMZC E8261E,,1187,65.45,16.36,75.37,16.82,36.48,Q,Nycticebus coucang
A. New data (Panciroli et al 2023),,http://n2t.net/ark:/87602/m4/M157714,http://n2t.net/ark:/87602/m4/M157718,Mammalia,,Orycteropodidae,Orycteropus afer,Aardvark,NHMUK 03.1.4.66,,52350,150.13,57.86,189.24,71.62,193.39,Q,Orycteropus afer
A. New data (Panciroli et al 2023),,http://n2t.net/ark:/87602/m4/M157675,http://n2t.net/ark:/87602/m4/M157679,Mammalia,,Leporidae,Oryctolagus cuniculus,European rabbit,NHMUK 1849.6.20.9,,1767,76.71,18.11,98.57,24.64,68.56,Q,Oryctolagus cuniculus
A. New data (Panciroli et al 2023),http://n2t.net/ark:/87602/m4/M141014,http://n2t.net/ark:/87602/m4/M141017,http://n2t.net/ark:/87602/m4/M141020,Mammalia,,Tenrecidae,Oryzorictes tetradactylus,Four-toed rice tenrec,UMZC E5453c,,36,13.4,5.88,15.05,4.88,21.07,Q,Oryzorictes tetradactylus
A. New data (Panciroli et al 2023),,http://n2t.net/ark:/87602/m4/M158318,http://n2t.net/ark:/87602/m4/M158326,Mammalia,,Hominidae,Pan troglodytes,Common chimpanzee,P-CM M724,,42500,289.75,81.48,294.93,81.95,141.63,Q,Pan troglodytes
A. New data (Panciroli et al 2023),http://n2t.net/ark:/87602/m4/M157801,http://n2t.net/ark:/87602/m4/M157804,http://n2t.net/ark:/87602/m4/M157807,Mammalia,,Soricidae,Paracrocidura schoutedeni,Lesser large-headed shrew,FMNH 227382,,13,8.88,3.21,9.27,3.1,11.78,Q,Paracrocidura schoutedeni
A. New data (Panciroli et al 2023),http://n2t.net/ark:/87602/m4/M157811,http://n2t.net/ark:/87602/m4/M157816,http://n2t.net/ark:/87602/m4/M157820,Mammalia,,Viverridae,Paradoxurus hermaphroditus,Asian palm civet,FMNH 62837,,3200,76.39,21.4,81.93,20.61,39.79,Q,Paradoxurus hermaphroditus
A. New data (Panciroli et al 2023),,http://n2t.net/ark:/87602/m4/M158129,http://n2t.net/ark:/87602/m4/M158132,Mammalia,,Tayassuidae,Pecari tajacu,Collared peccary,NMS 2002.164.2,,21267,146.17,50.39,156.76,51.54,167.23,Q,Pecari tajacu
A. New data (Panciroli et al 2023),http://n2t.net/ark:/87602/m4/M52207,http://n2t.net/ark:/87602/m4/M52209,http://n2t.net/ark:/87602/m4/M52208,Mammalia,,Pseudocheiridae,Petauroides volans,Greater glider,NHMUK 1926.3.11.225,,1300,74.83,14.04,95.39,16.57,32.57,Q,Petauroides volans
A. New data (Panciroli et al 2023),http://n2t.net/ark:/87602/m4/M52791,http://n2t.net/ark:/87602/m4/M52795,http://n2t.net/ark:/87602/m4/M52811,Mammalia,,Petauridae,Petaurus breviceps,Sugar glider,FMNH 129430,,106,28.73,7.06,33.4,6.61,20.94,Q,Petaurus breviceps
A. New data (Panciroli et al 2023),http://n2t.net/ark:/87602/m4/M140871,http://n2t.net/ark:/87602/m4/M140875,http://n2t.net/ark:/87602/m4/M140878,Mammalia,,Sciuridae,Hylopetes sagitta,Arrow flying squirrel,UMZC E14999,,50,21.14,4.23,25.32,5.49,19.21,Q,Petinomys sagitta
A. New data (Panciroli et al 2023),,http://n2t.net/ark:/87602/m4/M86121,http://n2t.net/ark:/87602/m4/M86123,Mammalia,,Phascolarctidae,Phascolarctos cinereus,Koala,NHMUK 75.1828,,10250,109.9,33.64,140.72,33.42,85.51,Q,Phascolarctos cinereus
A. New data (Panciroli et al 2023),http://n2t.net/ark:/87602/m4/M82596,http://n2t.net/ark:/87602/m4/M82599,http://n2t.net/ark:/87602/m4/M82602,Mammalia,,Didelphidae,Philander opossum,Grey four-eyed opossum,UMMZ 114855,,585,47.5,13.16,58.03,13.54,61.87,Q,Philander opossum
A. New data (Panciroli et al 2023),http://n2t.net/ark:/87602/m4/M159149,http://n2t.net/ark:/87602/m4/M159153,http://n2t.net/ark:/87602/m4/M159156,Mammalia,,Erinaceidae,Podogymnura truei,Mindanao gymnure,FMNH 146591,,114,20.41,5.63,23.82,6.73,28.12,Q,Podogymnura truei
A. New data (Panciroli et al 2023),,http://n2t.net/ark:/87602/m4/M157754,http://n2t.net/ark:/87602/m4/M157758,Mammalia,,Dasypodidae,Priodontes maximus,Giant armadillo,FMNH 72913,,45360,130.2,81.04,170.41,88.4,151.49,Q,Priodontes maximus
A. New data (Panciroli et al 2023),,http://n2t.net/ark:/87602/m4/M157724,http://n2t.net/ark:/87602/m4/M157728,Mammalia,,Felidae,Prionailurus viverrinus,Fishing cat,NHMUK 1860.7.22.22,,8853,114.21,30.29,134.96,33.64,81.33,Q,Prionailurus viverrinus
A. New data (Panciroli et al 2023),,http://n2t.net/ark:/87602/m4/M157764,http://n2t.net/ark:/87602/m4/M157767,Mammalia,,Procaviidae,Procavia capensis,Rock hyrax,FMNH 147999,,3030,77.71,19.49,75.17,20.87,68.74,Q,Procavia capensis
A. New data (Panciroli et al 2023),,http://n2t.net/ark:/87602/m4/M157773,http://n2t.net/ark:/87602/m4/M157777,Mammalia,,Procyonidae,Procyon lotor,Racoon,FMNH 175311,,5525,100.13,28.07,115.14,31.31,75.61,Q,Procyon lotor
A. New data (Panciroli et al 2023),http://n2t.net/ark:/87602/m4/M157945,http://n2t.net/ark:/87602/m4/M157949,http://n2t.net/ark:/87602/m4/M157952,Mammalia,,Leporidae,Pronolagus rupestris,Smith's red rock hare,FMNH 177246,,1754,56.98,14,76.98,19.02,50.98,Q,Pronolagus rupestris
A. New data (Panciroli et al 2023),,http://n2t.net/ark:/87602/m4/M158166,http://n2t.net/ark:/87602/m4/M158170,Mammalia,,Hyaenidae,Proteles cristatus,Aardwolf,NMS unnumbered,,10000,139.18,29.52,142.05,28.42,91.37,Q,Proteles cristata
A. New data (Panciroli et al 2023),http://n2t.net/ark:/87602/m4/M82457,http://n2t.net/ark:/87602/m4/M82461,http://n2t.net/ark:/87602/m4/M82464,Mammalia,,Pseudocheiridae,Pseudocheirus peregrinus,Common ringtail possum,UMZC A9.26/3,,900,54.42,15.83,72.95,19.13,43.4,Q,Pseudocheirus peregrinus
A. New data (Panciroli et al 2023),,http://n2t.net/ark:/87602/m4/M158138,http://n2t.net/ark:/87602/m4/M158141,Mammalia,,Cervidae,Pudu puda,Pudu,NMS 2011.141.1,,9750,116.69,34.93,129.73,39.49,113.58,Q,Pudu puda
A. New data (Panciroli et al 2023),http://n2t.net/ark:/87602/m4/M157403,http://n2t.net/ark:/87602/m4/M157406,http://n2t.net/ark:/87602/m4/M157409,Mammalia,,Macroscelididae,Rhynchocyon petersi,Black and rufous sengi,NHMUK1886.9.21.1,,424,37.51,10.25,54.87,14.43,50.29,Q,Rhynchocyon petersi
A. New data (Panciroli et al 2023),http://n2t.net/ark:/87602/m4/M82330,http://n2t.net/ark:/87602/m4/M82335,http://n2t.net/ark:/87602/m4/M82338,Mammalia,,Caenolestidae,Rhyncholestes raphanurus,Long-nosed caenolestid,FMNH 27476,,21,12.97,4.32,14.46,3.8,19.85,Q,Rhyncholestes raphanurus
A. New data (Panciroli et al 2023),,http://n2t.net/ark:/87602/m4/M86127,http://n2t.net/ark:/87602/m4/M86131,Mammalia,,Dasyuridae,Sarcophilus harrisii,Tasmanian devil,NHMUK 2003.331,,10000,96.62,25.99,102.42,27.39,104.77,Q,Sarcophilus harrisii
A. New data (Panciroli et al 2023),http://n2t.net/ark:/87602/m4/M160076,http://n2t.net/ark:/87602/m4/M160078,http://n2t.net/ark:/87602/m4/M160079,Mammalia,,Talpidae,Scapanus latimanus,Broad-footed mole,UMMZ 74584,,55,13.72,13.06,14.27,12.86,19.52,Q,Scapanus latimanus
A. New data (Panciroli et al 2023),http://n2t.net/ark:/87602/m4/M157824,http://n2t.net/ark:/87602/m4/M157827,http://n2t.net/ark:/87602/m4/M157830,Mammalia,,Soricidae,Scutisorex somereni,Hero shrew,FMNH 160182,,91,16.8,5.28,20.03,5.63,17.7,Q,Scutisorex somereni
A. New data (Panciroli et al 2023),http://n2t.net/ark:/87602/m4/M140916,http://n2t.net/ark:/87602/m4/M140919,http://n2t.net/ark:/87602/m4/M140922,Mammalia,,Tenrecidae,Setifer setosus,Greater hedgehog tenrec,UMZC 2011.3.1,,294,32.17,6.61,32.68,10.1,36.72,Q,Setifer setosus
A. New data (Panciroli et al 2023),http://n2t.net/ark:/87602/m4/M82320,http://n2t.net/ark:/87602/m4/M82325,http://n2t.net/ark:/87602/m4/M82328,Mammalia,,Dasyuridae,Sminthopsis crassicaudata,Fat-tailed dunnart,FMNH 72923,,15,11.88,2.95,12.82,2.95,17.31,Q,Sminthopsis crassicaudata
A. New data (Panciroli et al 2023),http://n2t.net/ark:/87602/m4/M157834,http://n2t.net/ark:/87602/m4/M157838,http://n2t.net/ark:/87602/m4/M157842,Mammalia,,Solenodontidae,Solenodon paradoxus,Solenodon,FMNH 51068,,900,49.84,17.7,48.7,16.12,54.47,Q,Solenodon paradoxus
A. New data (Panciroli et al 2023),http://n2t.net/ark:/87602/m4/M141210,http://n2t.net/ark:/87602/m4/M141213,http://n2t.net/ark:/87602/m4/M141216,Mammalia,,Soricidae,Soriculus nigrescens,Himalayan shrew,UMMZ 122888,,14,9.11,3.77,10.69,3.48,11.34,Q,Soriculus nigrescens
A. New data (Panciroli et al 2023),http://n2t.net/ark:/87602/m4/M157846,http://n2t.net/ark:/87602/m4/M157849,http://n2t.net/ark:/87602/m4/M157852,Mammalia,,Octodontidae,Spalacopus cyanus,Coruro,FMNH 49943,,127,20.6,5.76,23.1,6.2,25.69,Q,Spalacopus cyanus
A. New data (Panciroli et al 2023),,http://n2t.net/ark:/87602/m4/M158147,http://n2t.net/ark:/87602/m4/M158151,Mammalia,,Canidae,Speothos venaticus,Bush dog,NMS 2015.96.3,,6000,101.9,28.08,110.44,27.12,100.43,Q,Speothos venaticus
A. New data (Panciroli et al 2023),http://n2t.net/ark:/87602/m4/M141258,http://n2t.net/ark:/87602/m4/M141261,http://n2t.net/ark:/87602/m4/M141264,Mammalia,,Sciuridae,Spermophilopsis leptodactylus,Long-clawed ground squirrel,UMMZ 119250,,600,37.81,13.12,53.36,13.63,33.78,Q,Spermophilopsis leptodactylus
A. New data (Panciroli et al 2023),http://n2t.net/ark:/87602/m4/M157970,http://n2t.net/ark:/87602/m4/M157960,http://n2t.net/ark:/87602/m4/M157964,Mammalia,,Herpestidae,Suricata suricatta,Meerkat,FMNH 101744,,726,47.02,11.7,49.9,12.79,41.18,Q,Suricata suricatta
A. New data (Panciroli et al 2023),http://n2t.net/ark:/87602/m4/M157866,http://n2t.net/ark:/87602/m4/M157869,http://n2t.net/ark:/87602/m4/M157872,Mammalia,,Soricidae,Sylvisorex howelli,Howell's forest shrew,FMNH ????????,,4,7.21,2.07,8.14,2.33,7.93,Q,Sylvisorex howelli
A. New data (Panciroli et al 2023),http://n2t.net/ark:/87602/m4/M157876,http://n2t.net/ark:/87602/m4/M157879,http://n2t.net/ark:/87602/m4/M157882,Mammalia,,Spalacidae,Tachyoryctes daemon,Demon African mole-rat,FMNH ???????,,348,28.54,9.55,32.41,10.72,32.43,Q,Tachyoryctes macrocephalus
A. New data (Panciroli et al 2023),,http://n2t.net/ark:/87602/m4/M157685,http://n2t.net/ark:/87602/m4/M157688,Mammalia,,Myrmecophagidae,Tamandua tetradactyla,Tamandua,NHMUK 70.1996,,5515,97.24,40.72,98.75,38.87,106.67,Q,Tamandua tetradactyla
A. New data (Panciroli et al 2023),http://n2t.net/ark:/87602/m4/M82391,http://n2t.net/ark:/87602/m4/M82394,http://n2t.net/ark:/87602/m4/M82397,Mammalia,,Tarsipidae,Tarsipes rostratus,Honey possum,UMMZ 122547,,9,12.77,3.13,15.78,3.76,18.3,Q,Tarsipes rostratus
A. New data (Panciroli et al 2023),http://n2t.net/ark:/87602/m4/M157886,http://n2t.net/ark:/87602/m4/M157890,http://n2t.net/ark:/87602/m4/M157894,Mammalia,,Tarsiidae,Tarsius syrichta,Phillipine tarsier,FMNH 142007,,114,26.64,7.17,53.58,8.69,24.5,Q,Tarsius syrichta
A. New data (Panciroli et al 2023),http://n2t.net/ark:/87602/m4/M141220,http://n2t.net/ark:/87602/m4/M141223,http://n2t.net/ark:/87602/m4/M141226,Mammalia,,Tenrecidae,Tenrec ecaudatus,Tailless tenrec,UMMZ 138441,,868,41.16,13.45,45.81,12.86,61.21,Q,Tenrec ecaudatus
A. New data (Panciroli et al 2023),,http://n2t.net/ark:/87602/m4/M86136,http://n2t.net/ark:/87602/m4/M86140,Mammalia,,Thylacinidae,Thylacinus cynocephalus,Thylacine,NHMUK 1963.8.30.1,,30000,171.59,47.06,204.68,46.58,199.01,Q,Thylacinus cynocephalus
A. New data (Panciroli et al 2023),http://n2t.net/ark:/87602/m4/M82399,http://n2t.net/ark:/87602/m4/M82402,http://n2t.net/ark:/87602/m4/M82405,Mammalia,,Didelphidae,Thylamys elegans,Elegant fat-tailed mouse opossum,UMMZ 156033,,29,16.82,5.35,20.53,4.89,23.02,Q,Thylamys elegans
A. New data (Panciroli et al 2023),,http://n2t.net/ark:/87602/m4/M158276,http://n2t.net/ark:/87602/m4/M158280,Mammalia,,Dasypodidae,Tolypeutes matacus,Southern three-banded armadillo,AMNH 248394,,1200,44.23,17.41,61.63,19.42,52.92,Q,Tolypeutes matacus
A. New data (Panciroli et al 2023),http://n2t.net/ark:/87602/m4/M68230,http://n2t.net/ark:/87602/m4/M68234,http://n2t.net/ark:/87602/m4/M68237,Mammalia,,Phalangeridae,Trichosurus vulpecula,Common brushtrail possum,UMZC A9.16/7,,2650,76.89,22.23,101.24,26.12,65.24,Q,Trichosurus vulpecula
A. New data (Panciroli et al 2023),http://n2t.net/ark:/87602/m4/M140948,http://n2t.net/ark:/87602/m4/M140951,http://n2t.net/ark:/87602/m4/M140954,Mammalia,,Tupaiidae,Tupaia glis,Common Treeshrew,UMZC E4057E,,170,29.36,4.35,34.25,10.74,33.28,Q,Tupaia glis
A. New data (Panciroli et al 2023),,http://n2t.net/ark:/87602/m4/M157694,http://n2t.net/ark:/87602/m4/M157698,Mammalia,,Canidae,Urocyon cinereoargenteus,Grey fox,NHMUK 1850.11.22.62,,3834,95.93,25.16,109.79,26.14,89.84,Q,Urocyon cinereoargenteus
A. New data (Panciroli et al 2023),http://n2t.net/ark:/87602/m4/M157896,http://n2t.net/ark:/87602/m4/M157899,http://n2t.net/ark:/87602/m4/M157902,Mammalia,,Tupaiidae,Urogale everetti,Mindanao treeshrew,FMNH 166482,,350,28.82,8.45,37.72,10.25,26.79,Q,Urogale everetti
A. New data (Panciroli et al 2023),http://n2t.net/ark:/87602/m4/M157904,http://n2t.net/ark:/87602/m4/M157908,http://n2t.net/ark:/87602/m4/M157912,Mammalia,,Viverridae,Viverra zibetha,Large Indian civet,FMNH 104395,,9000,112.62,31.48,135.81,34.3,97.22,Q,Viverra zibetha
A. New data (Panciroli et al 2023),http://n2t.net/ark:/87602/m4/M140956,http://n2t.net/ark:/87602/m4/M140960,http://n2t.net/ark:/87602/m4/M140963,Mammalia,,Viverridae,Viverricula indica,Small Indian civet,UMZC K4323,,2896,69.01,16.58,81.75,19.27,55.23,Q,Viverricula indica
A. New data (Panciroli et al 2023),http://n2t.net/ark:/87602/m4/M83581,http://n2t.net/ark:/87602/m4/M83585,http://n2t.net/ark:/87602/m4/M83589,Mammalia,,Vombatidae,Vombatus ursinus,Common wombat,UMZC K3341,,26000,115.08,42.12,150.01,41.34,125.47,Q,Vombatus ursinus
A. New data (Panciroli et al 2023),http://n2t.net/ark:/87602/m4/M141228,http://n2t.net/ark:/87602/m4/M141231,http://n2t.net/ark:/87602/m4/M141234,Mammalia,,Dipodidae,Zapus hudsonius,Meadow jumping mouse,UMMZ 157417,,17,10.08,2.82,15.65,3.75,11.07,Q,Zapus hudsonius
A. New data (Panciroli et al 2023),http://n2t.net/ark:/87602/m4/M154996,http://n2t.net/ark:/87602/m4/M155005,http://n2t.net/ark:/87602/m4/M155007,Mammalia,,Anomaluridae,Zenkerella_insignis,Cameroon scaly-tail,NHMUK_5.5.23.27,,200,30.4,9.67,43.15,10.05,21.11,Q,Zenkerella insignis
Campione and Evans 2012,,,,Mammalia,Carnivora,Felidae,Acinonyx jubatus,Cheetah,ROM 111488,60400,50000,243.5,62.5,268.5,67.5,,Q,Acinonyx jubatus
Campione and Evans 2012,,,,Mammalia,Glires,Muridae,Acomys cahirinus,Cairo Spiny Mouse,ROM 87683,56,39,16.7,4.36,21.65,6.225,,Q,Acomys cahirinus
Campione and Evans 2012,,,,Mammalia,Ungulata,Bovidae,Aepyceros melampus,Impala,AHR1985,60500,52500,,65,,69,,Q,Aepyceros melampus
Campione and Evans 2012,,,,Mammalia,Ungulata,Cervidae,Alces alces,Moose,ROM 18516,523000,355000,393,145.5,440,144,,Q,Alces alces
Campione and Evans 2012,,,,Mammalia,Carnivora,Canidae,Alopex lagopus,Arctic Fox,ROM 105014,3710,6285,112.15,23,114.68,24.85,,Q,Vulpes lagopus
Campione and Evans 2012,,,,Mammalia,Ungulata,Bovidae,Ammotragus lervia,Barbary sheep,ROM 92686,49200,48000,181,65.75,212.5,67.25,,Q,Ammotragus lervia
Campione and Evans 2012,,,,Mammalia,Ungulata,Bovidae,Antilope cervicapra,Blackbuck,ROM 74199,22000,37500,137.85,47.4,176.5,47.55,,Q,Antilope cervicapra
Campione and Evans 2012,,,,Mammalia,Euarchonta,Aotidae,Aotus trivirgatus,Three-striped Night Monkey,ROM 94422,1050,900,68.465,15,91.14,16.85,,Q,Aotus trivirgatus
Campione and Evans 2012,,,,Mammalia,Glires,Aplodontidae,Aplodontia rufa,Mountain Beaver,ROM R6571,953,1004,45.55,15,52.75,15.75,,Q,Aplodontia rufa
Campione and Evans 2012,,,,Mammalia,Carnivora,Mustelidae,Arctonyx collaris,Hog Badger,ROM 97264,5900,6356,96.56,32.1,109.04,29.3,,Q,Arctonyx collaris
Campione and Evans 2012,,,,Mammalia,Glires,Muridae,Arvicanthis niloticus,African Grass Rat,ROM 82849,120,139,21,6.5,28.65,9.05,,Q,Arvicanthis niloticus
Campione and Evans 2012,,,,Mammalia,Eulipotyphla,Erinaceidae,Atelerix albiventris,African pygmy hedgehog,ROM R6167,360,600,33.45,10.95,34.3,15.15,,Q,Atelerix albiventris
Campione and Evans 2012,,,,Mammalia,Eulipotyphla,Erinaceidae,Atelerix algirus,North African Hedgehog,ROM 111451,415,1250,33.8,10.2,34.25,11.7,,Q,Atelerix algirus
Campione and Evans 2012,,,,Mammalia,Ungulata,Bovidae,Bison bison,Bison,AHR1985,1179000,579255,,191.5,,167.5,,Q,Bison bison
Campione and Evans 2012,,,,Mammalia,Ungulata,Bovidae,Bison bonasus,European bison,ZMUC M 2270,310000,500000,350,130,418,122,,Q,Bison bonasus
Campione and Evans 2012,,,,Mammalia,Ungulata,Bovidae,Bos gaurus,Gaur,ROM 82965,545000,500000,343.5,154.5,429,156.5,,Q,Bos gaurus
Campione and Evans 2012,,,,Mammalia,Euarchonta,Callitrichidae,Callithrix jacchus,Common Marmoset,ROM 101192,270,292,45.04,11.05,56.175,11.85,,Q,Callithrix jacchus
Campione and Evans 2012,,,,Mammalia,Ungulata,Camelidae,Camelus bactrianus,Bactrian Camel,ROM 77458,680400,690000,386,220,485,139.5,,Q,Camelus bactrianus
Campione and Evans 2012,,,,Mammalia,Carnivora,Canidae,Canis latrans,Coyote,ROM R6654,13608,13406,166.2,41,178.35,40.6,,Q,Canis latrans
Campione and Evans 2012,,,,Mammalia,Carnivora,Canidae,Canis lupus,Wolf,ROM 101841,32000,42750,211,53.25,226.5,51.75,,Q,Canis lupus
Campione and Evans 2012,,,,Mammalia,Ungulata,Bovidae,Capra aegagrus,Wild goat,ROM 66884,29500,,165.1,58,183.65,58.95,,Q,Capra aegagrus
Campione and Evans 2012,,,,Mammalia,Ungulata,Bovidae,Capra caucasica,West Caucasian Tur,ROM 88431,116800,55000,240,89,271.5,88,,Q,Capra caucasica
Campione and Evans 2012,,,,Mammalia,Ungulata,Bovidae,Capra ibex,Alpine Ibex,ROM 78825,25420,101000,156.25,54.1,188.9,52.65,,Q,Capra ibex
Campione and Evans 2012,,,,Mammalia,Glires,Castoridae,Castor canadensis,Canadian Beaver,ROM 111459,12500,21820,78.8,34.5,104.2,49.75,,Q,Castor canadensis
Campione and Evans 2012,,,,Mammalia,Glires,Caviidae,Cavia porcellus,Guinea pig,ROM 98958,1200,728,40.45,12.6,48.5,16,,Q,Cavia porcellus
Campione and Evans 2012,,,,Mammalia,Euarchonta,Callitrichidae,Cebuella pygmaea,Pygmy Marmoset,ROM 97068,178,125,35.77,8.75,40.615,8.85,,Q,Cebuella pygmaea
Campione and Evans 2012,,,,Mammalia,Ungulata,Rhinocerotidae,Ceratotherium simum,White Rhinoceros,ZMUC M 4324,1900000,2949986,457,257,559,225,,Q,Ceratotherium simum
Campione and Evans 2012,,,,Mammalia,Euarchonta,Cercopithecidae,Cercopithecus neglectus,De Brazza's Monkey,ROM 111045,11450,5480,149.43,36.95,184.4,39.05,,Q,Cercopithecus neglectus
Campione and Evans 2012,,,,Mammalia,Ungulata,Cervidae,Cervus duvaucelii,Barasingha,ROM 94093,225000,143000,265.5,101.5,343,105,,Q,Rucervus duvaucelii
Campione and Evans 2012,,,,Mammalia,Ungulata,Cervidae,Cervus nippon,Sika Deer,ROM 88428,82200,53000,215,70,263.5,73,,Q,Cervus nippon
Campione and Evans 2012,,,,Mammalia,Glires,Chinchillidae,Chinchilla lanigera,Long-tailed chinchilla,ROM R5786,462,485,33.3,8.85,54.7,14.8,,Q,Chinchilla lanigera
Campione and Evans 2012,,,,Mammalia,Marsupialia,Didelphidae,Chironectes minimus,Water Opossum,ROM 98855,700,946,45.065,12.25,57.715,14.95,,Q,Chironectes minimus
Campione and Evans 2012,,,,Mammalia,Ungulata,Hippopotamidae,Choeropsis liberiensis,Pygmy Hippo,ZMUC M 4117,250000,235001,245,101,268.7,107,,Q,Choeropsis liberiensis
Campione and Evans 2012,,,,Mammalia,Xenarthra,Megalonychidae,Choloepus didactylus,Linnaeus's Two-toed Sloth,ROM 31160,6200,5160,166.2,40.25,157.85,43.25,,Q,Choloepus didactylus
Campione and Evans 2012,,,,Mammalia,Xenarthra,Megalonychidae,Choloepus hoffmanni,Hoffmann's Two-toed Sloth,ROM 89635,4500,3500,140.65,32.75,133.45,34.5,,Q,Choloepus hoffmanni
Campione and Evans 2012,,,,Mammalia,Eulipotyphla,Talpidae,Condylura cristata,Star-nosed mole,ROM 77166,59,84,13.9,10.05,15.9,6.3,,Q,Condylura cristata
Campione and Evans 2012,,,,Mammalia,Ungulata,Bovidae,Connochaetes gnou,Black Wildebeest,ROM 88076,108500,179999,209,85.5,251,87,,Q,Connochaetes gnou
Campione and Evans 2012,,,,Mammalia,Ungulata,Bovidae,Connochaetes taurinus,Blue wildebeest,AHR1985,256500,179999,,115,,100,,Q,Connochaetes taurinus
Campione and Evans 2012,,,,Mammalia,Glires,Nesomyidae,Cricetomys emini,Emin's Pouched Rat,ROM 100511,550,1300,46,12.65,61.15,16,,Q,Cricetomys emini
Campione and Evans 2012,,,,Mammalia,Carnivora,Herpestidae,Crossarchus obscurus,Common Kusimanse,ROM 89636,1190,1250,48.86,14.9,54.76,15.5,,Q,Crossarchus obscurus
Campione and Evans 2012,,,,Mammalia,Carnivora,Canidae,Cuon alpinus,Dhole,ROM 105074,15400,17000,158.3,42.35,173.75,44.15,,Q,Cuon alpinus
Campione and Evans 2012,,,,Mammalia,Glires,Sciuridae,Cynomys leucurus?,White-tailed prairie dog,ROM 79165,1130,909,40,13.5,48.25,13.5,,Q,Cynomys leucurus
Campione and Evans 2012,,,,Mammalia,Glires,Dasyproctidae,Dasyprocta aguti,Agouti,ROM 90845,2230,,74.5,20.5,93.95,28,,Q,Dasyprocta punctata
Campione and Evans 2012,,,,Mammalia,Xenarthra,Dasypodidae,Dasypus novemcinctus,Nine-banded armadillo,ROM R2385,3077,4204,55.16,22.25,83,29.9,,Q,Dasypus novemcinctus
Campione and Evans 2012,,,,Mammalia,Marsupialia,Dasyuridae,Dasyuroides byrnei,Kowari,ROM 101190,133,104,27.35,7.15,34.6,8.7,,Q,Dasyuroides byrnei
Campione and Evans 2012,,,,Mammalia,Marsupialia,Macropodidae,Dendrolagus inustus,Grizzled Tree-kangaroo,ROM 86035,18200,12625,140.7,48.25,183.5,56.25,,Q,Dendrolagus inustus
Campione and Evans 2012,,,,Mammalia,Glires,Cricetidae,Dicrostonyx groenlandicus,Northern collared lemming,ROM 96599,103,54,19.85,6.9,23,7.15,,Q,Dicrostonyx groenlandicus
Campione and Evans 2012,,,,Mammalia,Glires,Cricetidae,Dicrostonyx hudsonius,Ungava Collared Lemming,ROM 63549,109,,20,7.1,24.15,8,,Q,Dicrostonyx hudsonius
Campione and Evans 2012,,,,Mammalia,Glires,Cricetidae,Dicrostonyx richardsoni,Richardson's Collared Lemming,ROM 96743,95,57,19.5,5.8,23.35,5.6,,Q,Dicrostonyx richardsoni
Campione and Evans 2012,,,,Mammalia,Marsupialia,Didelphidae,Didelphis marsupialis,Oppossum,ROM 96214,1500,1091,63.05,17,80.855,18.8,,Q,Didelphis marsupialis
Campione and Evans 2012,,,,Mammalia,Marsupialia,Didelphidae,Didelphis virginiana,Virginia Opossum,ROM 75749,7500,2196,75.7,26.5,90.85,26.25,,Q,Didelphis virginiana
Campione and Evans 2012,,,,Mammalia,Glires,Caviidae,Dolichotis patagonum,Patagonian Mara,ROM 90847,8950,8000,113.6,28.6,129.35,35.35,,Q,Dolichotis patagonum
Campione and Evans 2012,,,,Mammalia,Glires,Echimyidae,Echimys didelphoides,Brazilian Spiny Tree Rat,ROM 107837,375,,30.4,10.1,39.3,13.5,,Q,Echimys chrysurus
Campione and Evans 2012,,,,Mammalia,Glires,Echimyidae,Echimys semivillosus,Speckled Spiny Tree-rat,ROM 107955,350,200,31.85,10.5,40.75,14.25,,Q,Echimys chrysurus
Campione and Evans 2012,,,,Mammalia,Eulipotyphla,Erinaceidae,Echinosorex gymnura,Moonrat,ROM 36803,610,957,45,11,49.45,13.05,,Q,Echinosorex gymnura
Campione and Evans 2012,,,,Mammalia,Ungulata,Cervidae,Elaphurus davidianus,Père David's Deer,ROM 62744,158800,149000,271.5,112.5,340.5,112,,Q,Elaphurus davidianus
Campione and Evans 2012,,,,Mammalia,Afrotheria,Elephantidae,Elephas maximus,Indian elephant,ZMUC 1399,3534000,2720000,830,310,980,315,,Q,Elephas maximus
Campione and Evans 2012,,,,Mammalia,Ungulata,Equidae,Equus burchelli?,Burchell's zebra,ROM 72119,272400,276000,259,118,363.5,137.5,,Q,Equus quagga
Campione and Evans 2012,,,,Mammalia,Ungulata,Equidae,Equus caballus,Horse (pony),ROM R8138,350000,250000,261.5,118.25,362,139.85,,Q,Equus caballus
Campione and Evans 2012,,,,Mammalia,Ungulata,Equidae,Equus zebra,Cape Mountain zebra,AHR1985,262000,400000,,132,,143,,Q,Equus zebra
Campione and Evans 2012,,,,Mammalia,Glires,Erethizontidae,Erethizon dorsatum,Porcupine,ROM R1949,9051,7085,105.1,29.65,121.3,37.4,,Q,Erethizon dorsatum
Campione and Evans 2012,,,,Mammalia,Eulipotyphla,Erinaceidae,Erinaceus europaeus,European Hedgehog,ROM 79166,717,771,44.65,15.5,41.35,16.75,,Q,Erinaceus europaeus
Campione and Evans 2012,,,,Mammalia,Euarchonta,Lemuridae,Eulemur fulvus,Common Brown Lemur,ROM 68120,1192,3150,74.095,16.05,116.44,19.8,,Q,Eulemur fulvus
Campione and Evans 2012,,,,Mammalia,Euarchonta,Galagidae,Euoticus elegantulus,Southern Needle-clawed Bushbaby,ROM 55711,260,300,38.26,11.2,65.34,12,,Q,Euoticus elegantulus
Campione and Evans 2012,,,,Mammalia,Carnivora,Felidae,Felis catus,Domestic cat,ZMUC 3629-CH2005,8400,,104,28.5,119.5,30,,Q,Felis catus
Campione and Evans 2012,,,,Mammalia,Glires,Sciuridae,Funisciurus pyrrhopus,Fire-footed Rope Squirrel,ROM 100573,190,297,31.8,9.1,41.55,10.25,,Q,Funisciurus pyrropus
Campione and Evans 2012,,,,Mammalia,Carnivora,Herpestidae,Galerella sanguinea,Slender Mongoose,ROM 58390,1100,550,45.5,14,51.25,14.5,,Q,Ichneumia albicauda
Campione and Evans 2012,,,,Mammalia,Glires,Geomyidae,Geomys bursarius,Plains Pocket Gopher,ROM 72875,168,204,23.25,10.25,26.45,9.15,,Q,Geomys bursarius
Campione and Evans 2012,,,,Mammalia,Glires,Muridae,Gerbillus gerbillus,Lesser Gerbil,ROM 88169,79,25,16.3,5.1,25.45,8,,Q,Gerbillus gerbillus
Campione and Evans 2012,,,,Mammalia,Glires,Muridae,Gerbillus pyramidum,Greater Egyptian Gerbil,ROM 88173,62,49,16.5,5.2,25.1,7.3,,Q,Gerbillus pyramidum
Campione and Evans 2012,,,,Mammalia,Ungulata,Giraffidae,Giraffa camelopardalis,Giraffe,ROM 99207,990000,899995,495,218,520,188,,Q,Giraffa camelopardalis
Campione and Evans 2012,,,,Mammalia,Carnivora,Mustelidae,Gulo gulo,Wolverine,ROM 32287,16556,19500,136.25,39.75,141.5,35,,Q,Gulo gulo
Campione and Evans 2012,,,,Mammalia,Marsupialia,Petauridae,Gymnobelideus leadbeateri,Leadbeater's possum,ROM 101194,107,127,24.2,7.75,34.9,8.2,,Q,Gymnobelideus leadbeateri
Campione and Evans 2012,,,,Mammalia,Carnivora,Herpestidae,Helogale parvula,Common Dwarf Mongoose,ROM 58387,450,300,34.6,11,36,12,,Q,Helogale parvula
Campione and Evans 2012,,,,Mammalia,Ungulata,Bovidae,Hemitragus jemlahicus,Himalayan Tahr,ROM 69484,31100,35200,172.5,61.4,184.8,57.8,,Q,Hemitragus jemlahicus
Campione and Evans 2012,,,,Mammalia,Carnivora,Herpestidae,Herpestes javanicus,Small Asian Mongoose,ROM 74045,384,750,42.2,11.6,46.84,12.5,,Q,Herpestes javanicus
Campione and Evans 2012,,,,Mammalia,Afrotheria,Procaviidae,Heterohyrax brucei,Yellow-spotted Rock Hyrax,ROM 64992,3650,2625,78.2,21.75,79.5,24.25,,Q,Heterohyrax brucei
Campione and Evans 2012,,,,Mammalia,Glires,Heteromyidae,Heteromys desmarestianus,Desmarest's Spiny Pocket Mouse,ROM 96134,94,73,19.3,6.15,28.8,8.9,,Q,Heteromys desmarestianus
Campione and Evans 2012,,,,Mammalia,Glires,Heteromyidae,Heteromys gaumeri,Gaumer's Spiny Pocket Mouse,ROM 95659,81,64,19.6,6,28.1,8.2,,Q,Heteromys gaumeri
Campione and Evans 2012,,,,Mammalia,Glires,Heteromyidae,Heteromys goldmani,Goldman's Spiny Pocket Mouse,ROM 97674,82,85,20.65,6.1,29.1,8.7,,Q,Heteromys desmarestianus
Campione and Evans 2012,,,,Mammalia,Ungulata,Hippopotamidae,Hippopotamus amphibius,Hippo,ROM 94513,1264000,1417490,422.5,182.5,467,188.5,,Q,Hippopotamus amphibius
Campione and Evans 2012,,,,Mammalia,Glires,Hydrochaeridae,Hydrochaeris hydrochaeris,Capybara,ROM 73588,56500,62450,191.5,60.5,223.5,70.5,,Q,Hydrochoerus hydrochaeris
Campione and Evans 2012,,,,Mammalia,Ungulata,Cervidae,Hydropotes inermis,Water deer,ROM 75959,24290,14000,117.95,33.95,153.7,43.65,,Q,Hydropotes inermis
Campione and Evans 2012,,,,Mammalia,Euarchonta,Hylobatidae,Hylobates lar,Lar Gibbon,ROM 77534,6400,4892,238.05,28.5,203.6,31.45,,Q,Hylobates lar
Campione and Evans 2012,,,,Mammalia,Carnivora,Herpestidae,Ichneumia albicauda,White-tailed Mongoose,ROM 58383,4760,3500,93.3,23.1,108.72,27.05,,Q,Ichneumia albicauda
Campione and Evans 2012,,,,Mammalia,Ungulata,Camelidae,Lama guanicoe,Guanaco,ROM 33659,123800,120000,253,100,315,95,,Q,Lama guanicoe
Campione and Evans 2012,,,,Mammalia,Euarchonta,Lemuridae,Lemur catta,Ring-tailed Lemur,ROM 114614,2300,2900,89.39,21,143.39,26.8,,Q,Lemur catta
Campione and Evans 2012,,,,Mammalia,Carnivora,Felidae,Leopardus pardalis,Ocelot,ZMUC 1111-CH2005,13900,11900,144.5,40.5,165,42,,Q,Leopardus pardalis
Campione and Evans 2012,,,,Mammalia,Glires,Leporidae,Lepus americanus,Snowshoe Hare,ROM 82454,1294,1710,75.7,14.5,98.25,19.65,,Q,Lepus americanus
Campione and Evans 2012,,,,Mammalia,Glires,Leporidae,Lepus arcticus,Arctic Hare,ROM 94615,4500,4405,109.15,22,129.2,30,,Q,Lepus arcticus
Campione and Evans 2012,,,,Mammalia,Glires,Leporidae,Lepus californicus,Blacktail jackrabbit,ROM R6444,1535,2423,83.6,17.8,107.55,12.3,,Q,Lepus californicus
Campione and Evans 2012,,,,Mammalia,Glires,Leporidae,Lepus europaeus,European Hare,ROM 93105,3402,3740,108.1,24.75,137.9,33.75,,Q,Lepus europaeus
Campione and Evans 2012,,,,Mammalia,Glires,Leporidae,Lepus townsendii,White-tailed Jackrabbit,ROM 91969,4300,1555,102.6,20.75,125.85,28.25,,Q,Lepus townsendii
Campione and Evans 2012,,,,Mammalia,Carnivora,Herpestidae,Liberiictis kuhni,Liberian Mongoose,ROM 102286,2430,2150,68,20.5,76.1,22.25,,Q,Liberiictis kuhni
Campione and Evans 2012,,,,Mammalia,Afrotheria,Elephantidae,Loxodonta africana,African elephant,ROM R6000,6435000,3940034,1035,416.3,1147.5,399,,Q,Loxodonta africana
Campione and Evans 2012,,,,Mammalia,Carnivora,Mustelidae,Lutra canadensis,Otter,ROM R6629,6400,,74.66,26.1,73.69,24.4,,Q,Lutra lutra
Campione and Evans 2012,,,,Mammalia,Carnivora,Felidae,Lynx canadensis,Canadian Lynx,ROM 74772,17710,9373,178.75,38.75,215.55,40.85,,Q,Lynx canadensis
Campione and Evans 2012,,,,Mammalia,Carnivora,Felidae,Lynx lynx,Eurasian lynx,ZMUC 120-CH2005,9700,17950,170.5,38,202.5,39,,Q,Lynx lynx
Campione and Evans 2012,,,,Mammalia,Carnivora,Felidae,Lynx rufus,Bobcat,ROM 67947,8800,8904,151.25,36.5,175.95,38.25,,Q,Lynx rufus
Campione and Evans 2012,,,,Mammalia,Euarchonta,Cercopithecidae,Macaca fuscata,Japanese Macaque,ROM 112298,3500,10400,135.9,30,152.5,31.5,,Q,Macaca fuscata
Campione and Evans 2012,,,,Mammalia,Glires,Muridae,Malacomys cansdalei,Cansdale's Swamp Rat,ROM 100502,70,,21.05,5.25,30.1,7.1,,Q,Malacomys cansdalei
Campione and Evans 2012,,,,Mammalia,Marsupialia,Didelphidae,Marmosa murina,Linnaeus's Mouse Opossum,ROM 98151,59,26,21.45,6.2,25.75,6.1,,Q,Marmosa murina
Campione and Evans 2012,,,,Mammalia,Glires,Sciuridae,Marmota caligata,Hoary marmot,ROM 92037,6250,7230,90.05,28.4,99.2,25.1,,Q,Marmota caligata
Campione and Evans 2012,,,,Mammalia,Glires,Sciuridae,Marmota monax,Groundhog,ROM R1938,3012,3802,68.95,24.15,80.85,22,,Q,Marmota monax
Campione and Evans 2012,,,,Mammalia,Carnivora,Mustelidae,Martes pennanti,Fisher,ROM 87320,6160,4000,96.4,22.25,102.45,24.5,,Q,Martes pennanti
Campione and Evans 2012,,,,Mammalia,Glires,Cricetidae,Melanomys caliginosus,Dusky Rice Rat,ROM 99943,64,41,16.95,6,23.35,8.2,,Q,Melanomys caliginosus
Campione and Evans 2012,,,,Mammalia,Carnivora,Mustelidae,Mephitis mephitis,Striped Skunk,ROM 98961,6500,2085,62.15,24.05,71.25,22.05,,Q,Mephitis mephitis
Campione and Evans 2012,,,,Mammalia,Glires,Muridae,Meriones unguiculatus,Mongolian Jird,ROM R1689,61,53,16,5.1,22.95,7,,Q,Meriones unguiculatus
Campione and Evans 2012,,,,Mammalia,Glires,Cricetidae,Mesocricetus auratus,Hamster,ROM R5623,198,105,24.3,8.85,29,11,,Q,Mesocricetus auratus
Campione and Evans 2012,,,,Mammalia,Marsupialia,Didelphidae,Metachirus nudicaudatus,Brown Four-eyed Opossum,ROM 114155,235,375,35.35,9.25,51.15,11.45,,Q,Metachirus nudicaudatus
Campione and Evans 2012,,,,Mammalia,Glires,Cricetidae,Microtus chrotorrhinus,Rock Vole,ROM 90185,67,39,15.05,4.85,18.35,5.6,,Q,Microtus chrotorrhinus
Campione and Evans 2012,,,,Mammalia,Glires,Cricetidae,Microtus pennsylvanicus,Meadow Vole,ROM 87854,70,37,14.6,4.5,18.1,5.7,,Q,Microtus pennsylvanicus
Campione and Evans 2012,,,,Mammalia,Glires,Cricetidae,Microtus richardsoni,Water Vole,ROM 83701,61,85,16.2,5.2,18.95,6.75,,Q,Microtus richardsoni
Campione and Evans 2012,,,,Mammalia,Marsupialia,Didelphidae,Monodelphis brevicaudata,Northern Red-sided Opossum,ROM 98909,77,70,20.75,6.9,24.55,6.8,,Q,Monodelphis brevicaudata
Campione and Evans 2012,,,,Mammalia,Carnivora,Mustelidae,Mustela erminae,Stoat,ROM 77158,145,70,29.2,7,30.6,7.7,,Q,Mustela_nivalis
Campione and Evans 2012,,,,Mammalia,Carnivora,Mustelidae,Mustela frenata,Long-tailed weasel,ROM 94414,260,147,34.98,9.55,38.48,10.2,,Q,Mustela frenata
Campione and Evans 2012,,,,Mammalia,Carnivora,Mustelidae,Mustela nigripes,Black-footed ferret,ROM R6743,694,850,48.8,12.15,49.9,13.05,,Q,Mustela nigripes
Campione and Evans 2012,,,,Mammalia,Carnivora,Mustelidae,Mustela putorius,European Polecat,ROM 88373,1100,341,47.3,12.95,51.97,12.5,,Q,Mustela putorius
Campione and Evans 2012,,,,Mammalia,Carnivora,Mustelidae,Mustela vison,American Mink,ROM 111439,1135,945,47.76,14.65,50.87,14.7,,Q,Mustela_nivalis
Campione and Evans 2012,,,,Mammalia,Glires,Myocastoridae,Myocastor coypus,Coypu,ROM 90843,8130,6938,77.55,25.5,100.95,32.7,,Q,Myocastor coypus
Campione and Evans 2012,,,,Mammalia,Glires,Cricetidae,Nectomys squamipes,South American Water Rat,ROM 98049,235,191,24.45,7.6,37.5,11.8,,Q,Nectomys squamipes
Campione and Evans 2012,,,,Mammalia,Carnivora,Felidae,Neofelis nebulosa,Cloud lepard,AHR1985,13478,19500,,44.7,,41.4,,Q,Neofelis nebulosa
Campione and Evans 2012,,,,Mammalia,Glires,Cricetidae,Neotoma albigula,White-Throated Woodrat,ROM 87452,188,206,27.5,8.45,35.4,11.05,,Q,Neotoma albigula
Campione and Evans 2012,,,,Mammalia,Carnivora,Canidae,Nyctereutes procyonoides,Racoon Dog,ROM 94037,3500,4040,84.3,25.25,89.74,25.75,,Q,Nyctereutes procyonoides
Campione and Evans 2012,,,,Mammalia,Glires,Octodontidae,Octodon degus,Degu,ROM R7876,238,210,25.25,7.05,34.8,9.45,,Q,Octodon degus
Campione and Evans 2012,,,,Mammalia,Ungulata,Cervidae,Odocoileus virginianus,White-tailed deer,ROM 59338,66100,55509,216,72,279,77,,Q,Odocoileus virginianus
Campione and Evans 2012,,,,Mammalia,Ungulata,Giraffidae,Okapia johstoni,Okapi,ZMUC M 4221,310000,230001,332,131,355,128,,Q,Okapia johnstoni
Campione and Evans 2012,,,,Mammalia,Glires,Muridae,Ondatra zibethicus,Muskrat,ROM 111463,1200,1150,41.25,14,50.45,16.65,,Q,Ondatra zibethicus
Campione and Evans 2012,,,,Mammalia,Glires,Geomyidae,Orthogeomys hispidus,Hispid Pocket Gopher,ROM 96303,490,500,34.45,13.95,42.05,14.05,,Q,Orthogeomys hispidus
Campione and Evans 2012,,,,Mammalia,Glires,Leporidae,Oryctolagus cuniculus,European Rabbit,ROM 84051,1900,2150,68.55,15.5,88.8,20,,Q,Oryctolagus cuniculus
Campione and Evans 2012,,,,Mammalia,Ungulata,Bovidae,Oryx dammah,Scimitar Oryx,ROM 94512,117900,200000,225,95,278,92.5,,Q,Oryx dammah
Campione and Evans 2012,,,,Mammalia,Glires,Cricetidae,Oryzomys albigularis,Tomes's rice rat,ROM 97316,106,61,22.5,6,30.35,8,,Q,Oryzomys couesi
Campione and Evans 2012,,,,Mammalia,Glires,Cricetidae,Oryzomys couesi,Coues' Rice Rat,ROM 97756,102,69,19.4,7.05,28.7,9.85,,Q,Oryzomys couesi
Campione and Evans 2012,,,,Mammalia,Glires,Cricetidae,Oryzomys megacephalus,Large-headed Rice Rat,ROM 106329,86,,19.65,5.75,29.15,7.5,,Q,ryzomys couesi
Campione and Evans 2012,,,,Mammalia,Euarchonta,Galagidae,Otolemur crassicaudatus,Brown Greater Galago,ROM 64976,950,1500,59.915,16,90.14,19,,Q,Otolemur crassicaudatus
Campione and Evans 2012,,,,Mammalia,Ungulata,Bovidae,Ovibos moschatus,Muskox,ROM 90469,315000,312500,315.5,128,350.5,111,,Q,Ovibos moschatus
Campione and Evans 2012,,,,Mammalia,Ungulata,Bovidae,Ovis aries,Domestic sheep,ROM 53974,76600,50000,158,74.5,188,79,,Q,Ovis aries
Campione and Evans 2012,,,,Mammalia,Ungulata,Bovidae,Ovis dalli,Dall Sheep,ROM R2980,76200,200000,214.5,82.5,254,81.5,,Q,Ovis dalli
Campione and Evans 2012,,,,Mammalia,Carnivora,Felidae,Panthera leo,Lion,ZMUC 7231-CH2005,203000,161499,366,116,401,109,,Q,Panthera leo
Campione and Evans 2012,,,,Mammalia,Carnivora,Felidae,Panthera onca,Jaguar,ZMUC 6221-CH2005,71000,100000,239,76,265.5,72.5,,Q,Panthera onca
Campione and Evans 2012,,,,Mammalia,Carnivora,Felidae,Panthera pardus,Leopard,ZMUC 5661-CH2005,61000,55000,200,62,231,61,,Q,Panthera pardus
Campione and Evans 2012,,,,Mammalia,Carnivora,Felidae,Panthera tigris_altaica,Siberian tiger,ZMUC 5698-CH2005,230000,162564,350,113,411,102.5,,Q,Panthera tigris
Campione and Evans 2012,,,,Mammalia,Carnivora,Felidae,Panthera tigris_tigris,Bengal tiger,ZMUC 5667-CH2005,145000,162564,310,94,360.5,90.5,,Q,Panthera tigris
Campione and Evans 2012,,,,Mammalia,Carnivora,Felidae,Panthera unica,Snow Leopard,ZMUC 6047-CH2005,43100,44167,208.5,63.5,234.5,63,,Q,Panthera uncia
Campione and Evans 2012,,,,Mammalia,Euarchonta,Cercopithecidae,Papio cynocephalus,Yellow baboon,AHR1985,28576,,,55,,57,,Q,Papio cynocephalus
Campione and Evans 2012,,,,Mammalia,Euarchonta,Cercopithecidae,Papio hamadryas,Hamadryas Baboon,ROM 91308,14700,21250,190.85,42.25,224.4,44.5,,Q,Papio hamadryas
Campione and Evans 2012,,,,Mammalia,Eulipotyphla,Talpidae,Parascalops breweri,Hairy-tailed Mole,ROM 90471,56,51,14.1,12.3,14.35,5.9,,Q,Parascalops breweri
Campione and Evans 2012,,,,Mammalia,Glires,Cricetidae,Peromyscus zarhynchus,Chiapan Deer Mouse,ROM 97525,78,40,19.95,5.55,27.5,7,,Q,Peromyscus zarhynchus
Campione and Evans 2012,,,,Mammalia,Afrotheria,Macroscelididae,Petrodromus tetradactylus,Four-toed Elephant Shrew,ROM 85723,275,188,33.7,9.5,47.3,12.5,,Q,Petrodromus tetradactylus
Campione and Evans 2012,,,,Mammalia,Ungulata,Suidae,Phacochoerus africanus,Warthog,AHR1985,90500,82500,,83,,72,,Q,Phacochoerus africanus
Campione and Evans 2012,,,,Mammalia,Marsupialia,Didelphidae,Philander opossum,Gray Four-eyed Opossum,ROM 90841,600,421,45.6,10.95,55.95,12.85,,Q,Philander opossum
Campione and Evans 2012,,,,Mammalia,Euarchonta,Hominidae,Pongo Pygmaeus,Orangutan,ROM 82830,155000,37000,368.5,98.5,273,88,,Q,Pongo pygmaeus
Campione and Evans 2012,,,,Mammalia,Xenarthra,Dasypodidae,Priodontes maximus,Giant Armadillo,ROM 46260,29500,45360,125.05,68.25,167.7,78.5,,Q,Priodontes maximus
Campione and Evans 2012,,,,Mammalia,Carnivora,Procyonidae,Procyon lotor,Racoon,ROM 88247,7000,5525,114.7,31.05,132.75,33.25,,Q,Procyon lotor
Campione and Evans 2012,,,,Mammalia,Glires,Echimyidae,Proechimys cuvieri,Cuvier's Spiny-rat,ROM 98086,400,330,33.35,9.05,45,13.5,,Q,Proechimys cuvieri
Campione and Evans 2012,,,,Mammalia,Ungulata,Cervidae,Rangifer tarandus,Caribou,ROM 88934,131900,86034,261.5,90.5,304.5,85.5,,Q,Rangifer tarandus
Campione and Evans 2012,,,,Mammalia,Glires,Muridae,Rattus norvegicus,Brown rat,ROM R5644,464,357,31.5,10.9,41.65,14.25,,Q,Rattus norvegicus
Campione and Evans 2012,,,,Mammalia,Ungulata,Rhinocerotidae,Rhinoceros sondaicus,Javan Rhinoceros,Copenhagen,1435000,1750000,425,213,515,206,,Q,Rhinoceros sondaicus
Campione and Evans 2012,,,,Mammalia,Glires,Cricetidae,Rhipidomys leucodactylus,White-footed Climbing Mouse,ROM 107873,110,80,22.85,7.9,32,10,,Q,Rhipidomys leucodactylus
Campione and Evans 2012,,,,Mammalia,Afrotheria,Macroscelididae,Rhynchocyon cirnei,Checkered Elephant Shrew,ROM 47023,445,490,,9.5,55.45,13.75,,Q,Rhynchocyon cirnei
Campione and Evans 2012,,,,Mammalia,Euarchonta,Callitrichidae,Saguinus sp.,Tamarin,ROM 20131,422,,52.625,12.2,66.32,13.35,,Q,Leontopithecus chrysomelas
Campione and Evans 2012,,,,Mammalia,Marsupialia,Dasyuridae,Sarcophilus harrisii,Tasmanian Devil,ROM 101196,8490,10000,99.95,27.25,103.75,27.45,,Q,Sarcophilus harrisii
Campione and Evans 2012,,,,Mammalia,Glires,Sciuridae,Sciurus carolinensis,Eastern gray squirrel,ROM 21472,765,507,44.7,13.1,57.4,14.6,,Q,Sciurus carolinensis
Campione and Evans 2012,,,,Mammalia,Glires,Sciuridae,Sciurus niger,Fox squirrel,ROM R6166,1109,762,57.8,16.85,72.75,18.25,,Q,Sciurus niger
Campione and Evans 2012,,,,Mammalia,Glires,Cricetidae,Sigmodon hispidus,Hispid cotton rat,ROM 95215,163,92,22.95,6.75,33.6,10,,Q,Sigmodon hispidus
Campione and Evans 2012,,,,Mammalia,Glires,Sciuridae,Spermophilus adocetus,Lesser tropical ground squirrel,ROM R810,345,125,30.3,8.9,37.1,10.05,,Q,Spermophilus pygmaeus
Campione and Evans 2012,,,,Mammalia,Glires,Sciuridae,Spermophilus franklinii,Franklin's ground squirrel,ROM 43326,475,363,34,11.9,43.9,12,,Q,Spermophilus pygmaeus
Campione and Evans 2012,,,,Mammalia,Glires,Sciuridae,Spermophilus lateralis,Golden-mantel squirrel,ROM R7280,159,191,26,7.3,35.2,8.7,,Q,Spermophilus pygmaeus
Campione and Evans 2012,,,,Mammalia,Glires,Sciuridae,Spermophilus richardsonii,Richardson's ground squirrel,ROM 91974,345,406,31.95,10.1,38.75,10.9,,Q,Spermophilus pygmaeus
Campione and Evans 2012,,,,Mammalia,Glires,Sciuridae,Spermophilus tridecemlineatus,Thirteen-lined ground squirrel,ROM 102662,195,132,26.65,9.7,34.1,8.8,,Q,Spermophilus pygmaeus
Campione and Evans 2012,,,,Mammalia,Carnivora,Herpestidae,Suricata suricata,Meerkat,ROM 74547,717,726,50.74,13.2,55.83,13.65,,Q,Suricata suricatta
Campione and Evans 2012,,,,Mammalia,Ungulata,Bovidae,Sylvicapra grimmia,Duiker,AHR1985,13860,19500,,31,,46,,Q,Sylvicapra grimmia
Campione and Evans 2012,,,,Mammalia,Glires,Leporidae,Sylvilagus floridanus,Eastern cottontail,ROM R2974,1057,1173,61.9,14.85,82.4,18.35,,Q,Sylvilagus floridanus
Campione and Evans 2012,,,,Mammalia,Xenarthra,Myrmecophagidae,Tamandua tetradactyla,Southern Tamandua,ROM 113857,5470,5515,90.7,34.6,91.2,29.8,,Q,Tamandua tetradactyla
Campione and Evans 2012,,,,Mammalia,Glires,Sciuridae,Tamias amoenus,Yellow-pine chipmunk,ROM 80704,53,51,18.25,5.25,24.7,6,,Q,Tamias amoenus
Campione and Evans 2012,,,,Mammalia,Glires,Sciuridae,Tamias minimus,Least chipmunk,ROM 83120,61,135,18.1,5.6,24.05,5.95,,Q,Tamias minimus
Campione and Evans 2012,,,,Mammalia,Glires,Sciuridae,Tamiasciurus hudsonicus,American Red Squirrel,ROM 81437,260,201.2,31.4,10,40.2,9.95,,Q,Tamiasciurus hudsonicus
Campione and Evans 2012,,,,Mammalia,Ungulata,Tapiridae,Tapirus indicus,Malayan Tapir,ROM 94410,250000,296250,257,109,330,115,,Q,Tapirus indicus
Campione and Evans 2012,,,,Mammalia,Ungulata,Tapiridae,Tapirus terrestris,South American Tapir,ROM 66623,139300,207501,235.5,94.5,307.5,106,,Q,Tapirus terrestris
Campione and Evans 2012,,,,Mammalia,Carnivora,Mustelidae,Taxidea taxus,American Badger,ROM 58275,9900,7108,103.1,33,100.8,27.75,,Q,Taxidea taxus
Campione and Evans 2012,,,,Mammalia,Glires,Geomyidae,Thomomys talpoides,Northern Pocket Gopher,ROM 102659,210,130,25.65,10.7,28.9,10.3,,Q,Thomomys talpoides
Campione and Evans 2012,,,,Mammalia,Ungulata,Bovidae,Tragelaphus angasii,Nyala,AHR1985,134500,86600,,99,,97,,Q,Tragelaphus angasii
Campione and Evans 2012,,,,Mammalia,Ungulata,Bovidae,Tragelaphus scriptus,Bushbuck,AHR1985,50900,43250,,56,,62,,Q,Tragelaphus scriptus
Campione and Evans 2012,,,,Mammalia,Ungulata,Bovidae,Tragelaphus strepsiceros,Kudu,AHR1985,301000,213501,,140,,135,,Q,Tragelaphus strepsiceros
Campione and Evans 2012,,,,Mammalia,Euarchonta,Tuapiidae,Tupaia glis,Common Treeshrew,ROM 75961,176,159,27.3,7,35.85,9.35,,Q,Tupaia glis
Campione and Evans 2012,,,,Mammalia,Carnivora,Canidae,Urocyon cinereoargentus,Gray fox,ROM 14309,4800,3834,102.74,24.1,115,27.15,,Q,Urocyon cinereoargenteus
Campione and Evans 2012,,,,Mammalia,Carnivora,Ursidae,Ursus americanus,Black bear,ROM 71435,204000,99949,296,101.5,302,96.5,,Q,Ursus americanus
Campione and Evans 2012,,,,Mammalia,Carnivora,Ursidae,Ursus arctos,Grizzly bear,ROM 35699,435500,139441,400.5,146.25,445.5,126.25,,Q,Ursus arctos
Campione and Evans 2012,,,,Mammalia,Carnivora,Ursidae,Ursus maritimus,Polar bear,AHR1985,447695,352501,,158,,135,,Q,Ursus maritimus
Campione and Evans 2012,,,,Mammalia,Carnivora,Viverridae,Viverricula indica,Lesser oriental civet,ROM R629,2600,2980,78.3,21.2,92.95,24.1,,Q,Viverricula indica
Campione and Evans 2012,,,,Mammalia,Carnivora,Canidae,Vulpes velox,Swift Fox,ROM 105398,2300,2198,99.88,21.55,99.17,23.3,,Q,Vulpes velox
Campione and Evans 2012,,,,Mammalia,Carnivora,Canidae,Vulpes vulpes,Red Fox,ROM 28025,6000,4132,125.1,26.25,127.62,26.95,,Q,Vulpes vulpes
Campione and Evans 2012,,,,Mammalia,Carnivora,Canidae,Vulpes zerda,Fennec Fox,ROM 91467,1000,1100,68.2,16.25,70.4,16.25,,Q,Vulpes zerda
